{
"lengthUnit": "mil",
"remark": ["fly_line"],
"components": {
	"fields": ["COMPONENT_NO", "COMPONENT_NAME", "LAYER", "X_COORDINATE", "Y_COORDINATE", "ANGLE"],
	"rows": [
		[1, "BUZZER1", "T", 1045, -1505, 0],
		[2, "U1", "T", 395, -940, 0],
		[3, "U3", "T", 1020, -360, 0],
		[4, "U4", "T", 360, -2605, 0],
		[5, "PAD1", "T", 1194.605, -1505, 0],
		[6, "PAD1", "B", 1194.605, -1505, 0],
		[7, "PAD2", "T", 895.395, -1505, 0],
		[8, "PAD2", "B", 895.395, -1505, 0],
		[9, "PAD3", "T", 68.23, -1259.995, 0],
		[10, "PAD4", "T", 721.77, -1259.995, 0],
		[11, "PAD5", "T", 721.77, -1159.995, 0],
		[12, "PAD6", "T", 721.77, -860.005, 0],
		[13, "PAD7", "T", 721.77, -760.005, 0],
		[14, "PAD8", "T", 1120, -613.6221, 0],
		[15, "PAD8", "B", 1120, -613.6221, 0],
		[16, "PAD9", "T", 1120, -713.6221, 0],
		[17, "PAD9", "B", 1120, -713.6221, 0],
		[18, "PAD10", "T", 1120, -813.6221, 0],
		[19, "PAD10", "B", 1120, -813.6221, 0],
		[20, "PAD11", "T", 1120, -913.6221, 0],
		[21, "PAD11", "B", 1120, -913.6221, 0],
		[22, "PAD12", "T", 1020, -611.9685, 0],
		[23, "PAD13", "T", 1020, -911.9685, 0],
		[24, "PAD14", "T", 1020, -811.9685, 0],
		[25, "PAD15", "T", 1020, -711.9685, 0],
		[26, "PAD16", "T", 872.6195, -444.9805, 0],
		[27, "PAD16", "B", 872.6195, -444.9805, 0],
		[28, "PAD17", "T", 872.6195, -544.9805, 0],
		[29, "PAD17", "B", 872.6195, -544.9805, 0],
		[30, "PAD18", "T", 872.6195, -644.9805, 0],
		[31, "PAD18", "B", 872.6195, -644.9805, 0],
		[32, "PAD19", "T", 872.6195, -744.9805, 0],
		[33, "PAD19", "B", 872.6195, -744.9805, 0]
	]
},
"pins": {
	"fields": ["PIN_NO", "PIN_NAME", "PIN_X", "PIN_Y", "LAYER", "PIN_TYPE", "NET_NAME", "NET_TYPE", "PAD_SHAPE", "PAD_SIZEX", "PAD_SIZEY", "HOLE_SIZE", "HOLE_LEN", "PAD_ANGLE"],
	"rows": [
		[1, "BUZZER1_1", 895.395, -1505, "T", "DIP", "$1N946", "", "C", 70.866, 70.866, 39.37, 39.37, 0],
		[2, "BUZZER1_1", 895.395, -1505, "B", "DIP", "$1N946", "", "C", 70.866, 70.866, 39.37, 39.37, 0],
		[3, "BUZZER1_2", 1194.605, -1505, "T", "DIP", "$1N866", "", "C", 70.866, 70.866, 39.37, 39.37, 0],
		[4, "BUZZER1_2", 1194.605, -1505, "B", "DIP", "$1N866", "", "C", 70.866, 70.866, 39.37, 39.37, 0],
		[5, "U1_1", 68.23, -660.005, "T", "SMD", "NET_1", "", "R", 118.11, 78.74, 0, 0, 0],
		[6, "U1_2", 68.23, -760.005, "T", "SMD", "NET_2", "", "R", 118.11, 78.74, 0, 0, 0],
		[7, "U1_3", 68.23, -860.005, "T", "SMD", "NET_3", "", "R", 118.11, 78.74, 0, 0, 0],
		[8, "U1_4", 68.23, -959.995, "T", "SMD", "NET_4", "", "R", 118.11, 78.74, 0, 0, 0],
		[9, "U1_5", 68.23, -1059.995, "T", "SMD", "NET_5", "", "R", 118.11, 78.74, 0, 0, 0],
		[10, "U1_6", 68.23, -1159.995, "T", "SMD", "NET_6", "", "R", 118.11, 78.74, 0, 0, 0],
		[11, "U1_7", 68.23, -1259.995, "T", "SMD", "$1N876", "", "R", 118.11, 78.74, 0, 0, 0],
		[12, "U1_8", 721.77, -1259.995, "T", "SMD", "$1N883", "", "R", 118.11, 78.74, 0, 0, 0],
		[13, "U1_9", 721.77, -1159.995, "T", "SMD", "$1N946", "", "R", 118.11, 78.74, 0, 0, 0],
		[14, "U1_10", 721.77, -1059.995, "T", "SMD", "NET_7", "", "R", 118.11, 78.74, 0, 0, 0],
		[15, "U1_11", 721.77, -959.995, "T", "SMD", "NET_8", "", "R", 118.11, 78.74, 0, 0, 0],
		[16, "U1_12", 721.77, -860.005, "T", "SMD", "$1N857", "", "R", 118.11, 78.74, 0, 0, 0],
		[17, "U1_13", 721.77, -760.005, "T", "SMD", "$1N866", "", "R", 118.11, 78.74, 0, 0, 0],
		[18, "U1_14", 721.77, -660.005, "T", "SMD", "NET_9", "", "R", 118.11, 78.74, 0, 0, 0],
		[19, "U1_15", 444.99, -620.005, "T", "SMD", "NET_10", "", "C", 45, 45, 0, 0, 90],
		[20, "U1_16", 444.99, -720.005, "T", "SMD", "NET_11", "", "C", 45, 45, 0, 0, 90],
		[21, "U1_17", 445, -820.005, "T", "SMD", "NET_12", "", "C", 45, 45, 0, 0, 90],
		[22, "U1_18", 344.99, -620.005, "T", "SMD", "NET_13", "", "C", 45, 45, 0, 0, 90],
		[23, "U1_19", 344.99, -720.005, "T", "SMD", "NET_14", "", "C", 45, 45, 0, 0, 90],
		[24, "U1_20", 345, -820.005, "T", "SMD", "NET_15", "", "C", 45, 45, 0, 0, 90],
		[25, "U1_21", 220, -870.005, "T", "SMD", "NET_16", "", "R", 78.74, 39.37, 0, 0, 0],
		[26, "U1_22", 220, -945.005, "T", "SMD", "NET_17", "", "R", 78.74, 39.37, 0, 0, 0],
		[27, "U1_23", 493.42, -985.005, "T", "SMD", "NET_18", "", "R", 110.236, 110.236, 0, 0, 0],
		[28, "U3_1", 1120, -613.6221, "T", "DIP", "$1N866", "", "C", 60, 60, 36, 36, 0],
		[29, "U3_1", 1120, -613.6221, "B", "DIP", "$1N866", "", "C", 60, 60, 36, 36, 0],
		[30, "U3_1", 1020, -611.9685, "T", "SMD", "$1N866", "", "R", 118.1102, 78.7402, 0, 0, 0],
		[31, "U3_2", 1120, -713.6221, "T", "DIP", "$1N876", "", "C", 60, 60, 36, 36, 0],
		[32, "U3_2", 1120, -713.6221, "B", "DIP", "$1N876", "", "C", 60, 60, 36, 36, 0],
		[33, "U3_2", 1020, -711.9685, "T", "SMD", "$1N876", "", "P", 118.1102, 78.7402, 0, 0, 0],
		[34, "U3_3", 1120, -813.6221, "T", "DIP", "$1N883", "", "C", 60, 60, 36, 36, 0],
		[35, "U3_3", 1120, -813.6221, "B", "DIP", "$1N883", "", "C", 60, 60, 36, 36, 0],
		[36, "U3_3", 1020, -811.9685, "T", "SMD", "$1N883", "", "P", 118.1102, 78.7402, 0, 0, 0],
		[37, "U3_4", 1120, -913.6221, "T", "DIP", "$1N857", "", "C", 60, 60, 36, 36, 0],
		[38, "U3_4", 1120, -913.6221, "B", "DIP", "$1N857", "", "C", 60, 60, 36, 36, 0],
		[39, "U3_4", 1020, -911.9685, "T", "SMD", "$1N857", "", "P", 118.1102, 78.7402, 0, 0, 0],
		[40, "U3_5", 1530, -615, "T", "DIP", "NET_19", "", "C", 60, 60, 36, 36, 0],
		[41, "U3_5", 1530, -615, "B", "DIP", "NET_19", "", "C", 60, 60, 36, 36, 0],
		[42, "U3_5", 1630.2362, -611.9685, "T", "SMD", "NET_20", "", "P", 118.1102, 78.7402, 0, 0, 0],
		[43, "U3_6", 1530, -715, "T", "DIP", "NET_21", "", "C", 60, 60, 36, 36, 0],
		[44, "U3_6", 1530, -715, "B", "DIP", "NET_21", "", "C", 60, 60, 36, 36, 0],
		[45, "U3_6", 1630.2362, -711.9685, "T", "SMD", "NET_22", "", "P", 118.1102, 78.7402, 0, 0, 0],
		[46, "U3_7", 1530, -815, "T", "DIP", "NET_23", "", "C", 60, 60, 36, 36, 0],
		[47, "U3_7", 1530, -815, "B", "DIP", "NET_23", "", "C", 60, 60, 36, 36, 0],
		[48, "U3_7", 1630.2362, -811.9685, "T", "SMD", "NET_24", "", "P", 118.1102, 78.7402, 0, 0, 0],
		[49, "U3_8", 1530, -915, "T", "DIP", "NET_25", "", "C", 60, 60, 36, 36, 0],
		[50, "U3_8", 1530, -915, "B", "DIP", "NET_25", "", "C", 60, 60, 36, 36, 0],
		[51, "U3_8", 1630.2362, -911.9685, "T", "SMD", "NET_26", "", "P", 118.1102, 78.7402, 0, 0, 0],
		[52, "U3_GND", 1571.1811, -525.3543, "T", "DIP", "NET_27", "", "C", 60, 60, 36, 36, 0],
		[53, "U3_GND", 1571.1811, -525.3543, "B", "DIP", "NET_27", "", "C", 60, 60, 36, 36, 0],
		[54, "U3_GND", 1571.1811, -1005.6693, "T", "DIP", "NET_28", "", "C", 60, 60, 36, 36, 0],
		[55, "U3_GND", 1571.1811, -1005.6693, "B", "DIP", "NET_28", "", "C", 60, 60, 36, 36, 0],
		[56, "U3_GND", 1079.0551, -525.3543, "T", "DIP", "NET_29", "", "C", 60, 60, 36, 36, 0],
		[57, "U3_GND", 1079.0551, -525.3543, "B", "DIP", "NET_29", "", "C", 60, 60, 36, 36, 0],
		[58, "U3_GND", 1079.0551, -1005.6693, "T", "DIP", "NET_30", "", "C", 60, 60, 36, 36, 0],
		[59, "U3_GND", 1079.0551, -1005.6693, "B", "DIP", "NET_30", "", "C", 60, 60, 36, 36, 0],
		[60, "U4_1", 872.6195, -444.9805, "T", "DIP", "$1N857", "", "O", 98.425, 70.866, 42.5196, 42.5196, 0],
		[61, "U4_1", 872.6195, -444.9805, "B", "DIP", "$1N857", "", "O", 98.425, 70.866, 42.5196, 42.5196, 0],
		[62, "U4_2", 872.6195, -544.9805, "T", "DIP", "$1N866", "", "O", 98.425, 70.866, 42.5196, 42.5196, 0],
		[63, "U4_2", 872.6195, -544.9805, "B", "DIP", "$1N866", "", "O", 98.425, 70.866, 42.5196, 42.5196, 0],
		[64, "U4_3", 872.6195, -644.9805, "T", "DIP", "$1N876", "", "O", 98.425, 70.866, 42.5196, 42.5196, 0],
		[65, "U4_3", 872.6195, -644.9805, "B", "DIP", "$1N876", "", "O", 98.425, 70.866, 42.5196, 42.5196, 0],
		[66, "U4_4", 872.6195, -744.9805, "T", "DIP", "$1N883", "", "O", 98.425, 70.866, 42.5196, 42.5196, 0],
		[67, "U4_4", 872.6195, -744.9805, "B", "DIP", "$1N883", "", "O", 98.425, 70.866, 42.5196, 42.5196, 0],
		[68, "U4_5", 872.6195, -844.9805, "T", "DIP", "NET_31", "", "O", 98.425, 70.866, 42.5196, 42.5196, 0],
		[69, "U4_5", 872.6195, -844.9805, "B", "DIP", "NET_31", "", "O", 98.425, 70.866, 42.5196, 42.5196, 0],
		[70, "U4_6", 872.6195, -944.9805, "T", "DIP", "NET_32", "", "O", 98.425, 70.866, 42.5196, 42.5196, 0],
		[71, "U4_6", 872.6195, -944.9805, "B", "DIP", "NET_32", "", "O", 98.425, 70.866, 42.5196, 42.5196, 0],
		[72, "U4_7", 872.6195, -1044.9805, "T", "DIP", "NET_33", "", "O", 98.425, 70.866, 42.5196, 42.5196, 0],
		[73, "U4_7", 872.6195, -1044.9805, "B", "DIP", "NET_33", "", "O", 98.425, 70.866, 42.5196, 42.5196, 0],
		[74, "U4_8", 872.6195, -1144.9805, "T", "DIP", "NET_34", "", "O", 98.425, 70.866, 42.5196, 42.5196, 0],
		[75, "U4_8", 872.6195, -1144.9805, "B", "DIP", "NET_34", "", "O", 98.425, 70.866, 42.5196, 42.5196, 0],
		[76, "PAD1_2", 1194.605, -1505, "T", "DIP", "$1N866", "", "C", 70.866, 70.866, 39.37, 39.37, 0],
		[77, "PAD1_2", 1194.605, -1505, "B", "DIP", "$1N866", "", "C", 70.866, 70.866, 39.37, 39.37, 0],
		[78, "PAD2_1", 895.395, -1505, "T", "DIP", "$1N946", "", "C", 70.866, 70.866, 39.37, 39.37, 0],
		[79, "PAD2_1", 895.395, -1505, "B", "DIP", "$1N946", "", "C", 70.866, 70.866, 39.37, 39.37, 0],
		[80, "PAD3_7", 68.23, -1259.995, "T", "SMD", "$1N876", "", "R", 118.11, 78.74, 0, 0, 0],
		[81, "PAD4_8", 721.77, -1259.995, "T", "SMD", "$1N883", "", "R", 118.11, 78.74, 0, 0, 0],
		[82, "PAD5_9", 721.77, -1159.995, "T", "SMD", "$1N946", "", "R", 118.11, 78.74, 0, 0, 0],
		[83, "PAD6_12", 721.77, -860.005, "T", "SMD", "$1N857", "", "R", 118.11, 78.74, 0, 0, 0],
		[84, "PAD7_13", 721.77, -760.005, "T", "SMD", "$1N866", "", "R", 118.11, 78.74, 0, 0, 0],
		[85, "PAD8_1", 1120, -613.6221, "T", "DIP", "$1N866", "", "C", 60, 60, 36, 36, 0],
		[86, "PAD8_1", 1120, -613.6221, "B", "DIP", "$1N866", "", "C", 60, 60, 36, 36, 0],
		[87, "PAD9_2", 1120, -713.6221, "T", "DIP", "$1N876", "", "C", 60, 60, 36, 36, 0],
		[88, "PAD9_2", 1120, -713.6221, "B", "DIP", "$1N876", "", "C", 60, 60, 36, 36, 0],
		[89, "PAD10_3", 1120, -813.6221, "T", "DIP", "$1N883", "", "C", 60, 60, 36, 36, 0],
		[90, "PAD10_3", 1120, -813.6221, "B", "DIP", "$1N883", "", "C", 60, 60, 36, 36, 0],
		[91, "PAD11_4", 1120, -913.6221, "T", "DIP", "$1N857", "", "C", 60, 60, 36, 36, 0],
		[92, "PAD11_4", 1120, -913.6221, "B", "DIP", "$1N857", "", "C", 60, 60, 36, 36, 0],
		[93, "PAD12_1", 1020, -611.9685, "T", "SMD", "$1N866", "", "R", 118.1102, 78.7402, 0, 0, 0],
		[94, "PAD13_4", 1020, -911.9685, "T", "SMD", "$1N857", "", "P", 118.1102, 78.7402, 0, 0, 0],
		[95, "PAD14_3", 1020, -811.9685, "T", "SMD", "$1N883", "", "P", 118.1102, 78.7402, 0, 0, 0],
		[96, "PAD15_2", 1020, -711.9685, "T", "SMD", "$1N876", "", "P", 118.1102, 78.7402, 0, 0, 0],
		[97, "PAD16_1", 872.6195, -444.9805, "T", "DIP", "$1N857", "", "O", 98.425, 70.866, 42.5196, 42.5196, 0],
		[98, "PAD16_1", 872.6195, -444.9805, "B", "DIP", "$1N857", "", "O", 98.425, 70.866, 42.5196, 42.5196, 0],
		[99, "PAD17_2", 872.6195, -544.9805, "T", "DIP", "$1N866", "", "O", 98.425, 70.866, 42.5196, 42.5196, 0],
		[100, "PAD17_2", 872.6195, -544.9805, "B", "DIP", "$1N866", "", "O", 98.425, 70.866, 42.5196, 42.5196, 0],
		[101, "PAD18_3", 872.6195, -644.9805, "T", "DIP", "$1N876", "", "O", 98.425, 70.866, 42.5196, 42.5196, 0],
		[102, "PAD18_3", 872.6195, -644.9805, "B", "DIP", "$1N876", "", "O", 98.425, 70.866, 42.5196, 42.5196, 0],
		[103, "PAD19_4", 872.6195, -744.9805, "T", "DIP", "$1N883", "", "O", 98.425, 70.866, 42.5196, 42.5196, 0],
		[104, "PAD19_4", 872.6195, -744.9805, "B", "DIP", "$1N883", "", "O", 98.425, 70.866, 42.5196, 42.5196, 0]
	]
}
}