{
"lengthUnit": "mil",
"remark": [],
"components": {
	"fields": ["COMPONENT_NO", "COMPONENT_NAME", "LAYER", "X_COORDINATE", "Y_COORDINATE", "ANGLE"],
	"rows": [
		[1, "PIRSensor", "T", 1690, -1145, 90],
		[2, "Powerconnector", "T", 1685, -810, 90],
		[3, "RelayModule", "T", 1690, -1555, 270],
		[4, "U1", "T", 1015, -1450, 0],
		[5, "PAD1", "T", 565.001, -1599.999, 0],
		[6, "PAD1", "B", 565.001, -1599.999, 0],
		[7, "PAD2", "T", 565.001, -1699.999, 0],
		[8, "PAD2", "B", 565.001, -1699.999, 0],
		[9, "PAD3", "T", 565.001, -1799.999, 0],
		[10, "PAD3", "B", 565.001, -1799.999, 0],
		[11, "PAD4", "T", 1464.999, -1699.999, 0],
		[12, "PAD4", "B", 1464.999, -1699.999, 0],
		[13, "PAD5", "T", 1464.999, -1100, 0],
		[14, "PAD5", "B", 1464.999, -1100, 0],
		[15, "PAD6", "T", 1690, -1045, 0],
		[16, "PAD6", "B", 1690, -1045, 0],
		[17, "PAD7", "T", 1690, -1145, 0],
		[18, "PAD7", "B", 1690, -1145, 0],
		[19, "PAD8", "T", 1690, -1245, 0],
		[20, "PAD8", "B", 1690, -1245, 0],
		[21, "PAD9", "T", 1685, -860, 0],
		[22, "PAD9", "B", 1685, -860, 0],
		[23, "PAD10", "T", 1685, -760, 0],
		[24, "PAD10", "B", 1685, -760, 0],
		[25, "PAD11", "T", 1690, -1655, 0],
		[26, "PAD11", "B", 1690, -1655, 0],
		[27, "PAD12", "T", 1690, -1555, 0],
		[28, "PAD12", "B", 1690, -1555, 0],
		[29, "PAD13", "T", 1690, -1455, 0],
		[30, "PAD13", "B", 1690, -1455, 0]
	]
},
"pins": {
	"fields": ["PIN_NO", "PIN_NAME", "PIN_X", "PIN_Y", "LAYER", "PIN_TYPE", "NET_NAME", "NET_TYPE", "PAD_SHAPE", "PAD_SIZEX", "PAD_SIZEY", "HOLE_SIZE", "HOLE_LEN", "PAD_ANGLE"],
	"rows": [
		[1, "PIRSensor_1", 1690, -1245, "T", "DIP", "GND", "GND", "R", 62, 70.866, 47.244, 47.244, 90],
		[2, "PIRSensor_1", 1690, -1245, "B", "DIP", "GND", "GND", "R", 62, 70.866, 47.244, 47.244, 90],
		[3, "PIRSensor_2", 1690, -1145, "T", "DIP", "$1N969", "", "C", 70.866, 70.866, 47.244, 47.244, 90],
		[4, "PIRSensor_2", 1690, -1145, "B", "DIP", "$1N969", "", "C", 70.866, 70.866, 47.244, 47.244, 90],
		[5, "PIRSensor_3", 1690, -1045, "T", "DIP", "+5V", "", "C", 70.866, 70.866, 47.244, 47.244, 90],
		[6, "PIRSensor_3", 1690, -1045, "B", "DIP", "+5V", "", "C", 70.866, 70.866, 47.244, 47.244, 90],
		[7, "Powerconnector_1", 1685, -860, "T", "DIP", "$1N716", "", "R", 78.74, 78.74, 47.244, 47.244, 90],
		[8, "Powerconnector_1", 1685, -860, "B", "DIP", "$1N716", "", "R", 78.74, 78.74, 47.244, 47.244, 90],
		[9, "Powerconnector_2", 1685, -760, "T", "DIP", "+5V", "", "C", 78.74, 78.74, 47.244, 47.244, 90],
		[10, "Powerconnector_2", 1685, -760, "B", "DIP", "+5V", "", "C", 78.74, 78.74, 47.244, 47.244, 90],
		[11, "RelayModule_1", 1690, -1455, "T", "DIP", "+5V", "", "R", 62, 70.866, 47.244, 47.244, 270],
		[12, "RelayModule_1", 1690, -1455, "B", "DIP", "+5V", "", "R", 62, 70.866, 47.244, 47.244, 270],
		[13, "RelayModule_2", 1690, -1555, "T", "DIP", "GND", "GND", "C", 70.866, 70.866, 47.244, 47.244, 270],
		[14, "RelayModule_2", 1690, -1555, "B", "DIP", "GND", "GND", "C", 70.866, 70.866, 47.244, 47.244, 270],
		[15, "RelayModule_3", 1690, -1655, "T", "DIP", "$1N534", "", "C", 70.866, 70.866, 47.244, 47.244, 270],
		[16, "RelayModule_3", 1690, -1655, "B", "DIP", "$1N534", "", "C", 70.866, 70.866, 47.244, 47.244, 270],
		[17, "U1_1", 565.001, -1100, "T", "DIP", "NET_1", "", "C", 59.055, 59.055, 35.434, 35.434, 0],
		[18, "U1_1", 565.001, -1100, "B", "DIP", "NET_1", "", "C", 59.055, 59.055, 35.434, 35.434, 0],
		[19, "U1_2", 565.001, -1200, "T", "DIP", "NET_2", "", "C", 59.055, 59.055, 35.434, 35.434, 0],
		[20, "U1_2", 565.001, -1200, "B", "DIP", "NET_2", "", "C", 59.055, 59.055, 35.434, 35.434, 0],
		[21, "U1_3", 565.001, -1300, "T", "DIP", "NET_3", "", "C", 59.055, 59.055, 35.434, 35.434, 0],
		[22, "U1_3", 565.001, -1300, "B", "DIP", "NET_3", "", "C", 59.055, 59.055, 35.434, 35.434, 0],
		[23, "U1_4", 565.001, -1399.999, "T", "DIP", "NET_4", "", "C", 59.055, 59.055, 35.434, 35.434, 0],
		[24, "U1_4", 565.001, -1399.999, "B", "DIP", "NET_4", "", "C", 59.055, 59.055, 35.434, 35.434, 0],
		[25, "U1_5", 565.001, -1499.999, "T", "DIP", "NET_5", "", "C", 59.055, 59.055, 35.434, 35.434, 0],
		[26, "U1_5", 565.001, -1499.999, "B", "DIP", "NET_5", "", "C", 59.055, 59.055, 35.434, 35.434, 0],
		[27, "U1_6", 565.001, -1599.999, "T", "DIP", "$1N969", "", "C", 59.055, 59.055, 35.434, 35.434, 0],
		[28, "U1_6", 565.001, -1599.999, "B", "DIP", "$1N969", "", "C", 59.055, 59.055, 35.434, 35.434, 0],
		[29, "U1_7", 565.001, -1699.999, "T", "DIP", "$1N716", "", "C", 59.055, 59.055, 35.434, 35.434, 0],
		[30, "U1_7", 565.001, -1699.999, "B", "DIP", "$1N716", "", "C", 59.055, 59.055, 35.434, 35.434, 0],
		[31, "U1_8", 565.001, -1799.999, "T", "DIP", "+5V", "", "C", 59.055, 59.055, 35.434, 35.434, 0],
		[32, "U1_8", 565.001, -1799.999, "B", "DIP", "+5V", "", "C", 59.055, 59.055, 35.434, 35.434, 0],
		[33, "U1_9", 1464.999, -1799.999, "T", "DIP", "NET_6", "", "C", 59.055, 59.055, 35.434, 35.434, 0],
		[34, "U1_9", 1464.999, -1799.999, "B", "DIP", "NET_6", "", "C", 59.055, 59.055, 35.434, 35.434, 0],
		[35, "U1_10", 1464.999, -1699.999, "T", "DIP", "$1N534", "", "C", 59.055, 59.055, 35.434, 35.434, 0],
		[36, "U1_10", 1464.999, -1699.999, "B", "DIP", "$1N534", "", "C", 59.055, 59.055, 35.434, 35.434, 0],
		[37, "U1_11", 1464.999, -1599.999, "T", "DIP", "NET_7", "", "C", 59.055, 59.055, 35.434, 35.434, 0],
		[38, "U1_11", 1464.999, -1599.999, "B", "DIP", "NET_7", "", "C", 59.055, 59.055, 35.434, 35.434, 0],
		[39, "U1_12", 1464.999, -1499.999, "T", "DIP", "NET_8", "", "C", 59.055, 59.055, 35.434, 35.434, 0],
		[40, "U1_12", 1464.999, -1499.999, "B", "DIP", "NET_8", "", "C", 59.055, 59.055, 35.434, 35.434, 0],
		[41, "U1_13", 1464.999, -1399.999, "T", "DIP", "NET_9", "", "C", 59.055, 59.055, 35.434, 35.434, 0],
		[42, "U1_13", 1464.999, -1399.999, "B", "DIP", "NET_9", "", "C", 59.055, 59.055, 35.434, 35.434, 0],
		[43, "U1_14", 1464.999, -1300, "T", "DIP", "NET_10", "", "C", 59.055, 59.055, 35.434, 35.434, 0],
		[44, "U1_14", 1464.999, -1300, "B", "DIP", "NET_10", "", "C", 59.055, 59.055, 35.434, 35.434, 0],
		[45, "U1_15", 1464.999, -1200, "T", "DIP", "NET_11", "", "C", 59.055, 59.055, 35.434, 35.434, 0],
		[46, "U1_15", 1464.999, -1200, "B", "DIP", "NET_11", "", "C", 59.055, 59.055, 35.434, 35.434, 0],
		[47, "U1_16", 1464.999, -1100, "T", "DIP", "GND", "GND", "C", 59.055, 59.055, 35.434, 35.434, 0],
		[48, "U1_16", 1464.999, -1100, "B", "DIP", "GND", "GND", "C", 59.055, 59.055, 35.434, 35.434, 0],
		[49, "PAD1_6", 565.001, -1599.999, "T", "DIP", "$1N969", "", "C", 59.055, 59.055, 35.434, 35.434, 0],
		[50, "PAD1_6", 565.001, -1599.999, "B", "DIP", "$1N969", "", "C", 59.055, 59.055, 35.434, 35.434, 0],
		[51, "PAD2_7", 565.001, -1699.999, "T", "DIP", "$1N716", "", "C", 59.055, 59.055, 35.434, 35.434, 0],
		[52, "PAD2_7", 565.001, -1699.999, "B", "DIP", "$1N716", "", "C", 59.055, 59.055, 35.434, 35.434, 0],
		[53, "PAD3_8", 565.001, -1799.999, "T", "DIP", "+5V", "", "C", 59.055, 59.055, 35.434, 35.434, 0],
		[54, "PAD3_8", 565.001, -1799.999, "B", "DIP", "+5V", "", "C", 59.055, 59.055, 35.434, 35.434, 0],
		[55, "PAD4_10", 1464.999, -1699.999, "T", "DIP", "$1N534", "", "C", 59.055, 59.055, 35.434, 35.434, 0],
		[56, "PAD4_10", 1464.999, -1699.999, "B", "DIP", "$1N534", "", "C", 59.055, 59.055, 35.434, 35.434, 0],
		[57, "PAD5_16", 1464.999, -1100, "T", "DIP", "GND", "GND", "C", 59.055, 59.055, 35.434, 35.434, 0],
		[58, "PAD5_16", 1464.999, -1100, "B", "DIP", "GND", "GND", "C", 59.055, 59.055, 35.434, 35.434, 0],
		[59, "PAD6_3", 1690, -1045, "T", "DIP", "+5V", "", "C", 70.866, 70.866, 47.244, 47.244, 90],
		[60, "PAD6_3", 1690, -1045, "B", "DIP", "+5V", "", "C", 70.866, 70.866, 47.244, 47.244, 90],
		[61, "PAD7_2", 1690, -1145, "T", "DIP", "$1N969", "", "C", 70.866, 70.866, 47.244, 47.244, 90],
		[62, "PAD7_2", 1690, -1145, "B", "DIP", "$1N969", "", "C", 70.866, 70.866, 47.244, 47.244, 90],
		[63, "PAD8_1", 1690, -1245, "T", "DIP", "GND", "GND", "R", 62, 70.866, 47.244, 47.244, 90],
		[64, "PAD8_1", 1690, -1245, "B", "DIP", "GND", "GND", "R", 62, 70.866, 47.244, 47.244, 90],
		[65, "PAD9_1", 1685, -860, "T", "DIP", "$1N716", "", "R", 78.74, 78.74, 47.244, 47.244, 90],
		[66, "PAD9_1", 1685, -860, "B", "DIP", "$1N716", "", "R", 78.74, 78.74, 47.244, 47.244, 90],
		[67, "PAD10_2", 1685, -760, "T", "DIP", "+5V", "", "C", 78.74, 78.74, 47.244, 47.244, 90],
		[68, "PAD10_2", 1685, -760, "B", "DIP", "+5V", "", "C", 78.74, 78.74, 47.244, 47.244, 90],
		[69, "PAD11_3", 1690, -1655, "T", "DIP", "$1N534", "", "C", 70.866, 70.866, 47.244, 47.244, 270],
		[70, "PAD11_3", 1690, -1655, "B", "DIP", "$1N534", "", "C", 70.866, 70.866, 47.244, 47.244, 270],
		[71, "PAD12_2", 1690, -1555, "T", "DIP", "GND", "GND", "C", 70.866, 70.866, 47.244, 47.244, 270],
		[72, "PAD12_2", 1690, -1555, "B", "DIP", "GND", "GND", "C", 70.866, 70.866, 47.244, 47.244, 270],
		[73, "PAD13_1", 1690, -1455, "T", "DIP", "+5V", "", "R", 62, 70.866, 47.244, 47.244, 270],
		[74, "PAD13_1", 1690, -1455, "B", "DIP", "+5V", "", "R", 62, 70.866, 47.244, 47.244, 270]
	]
}
}