{
"lengthUnit": "mil",
"remark": [],
"components": {
	"fields": ["COMPONENT_NO", "COMPONENT_NAME", "LAYER", "X_COORDINATE", "Y_COORDINATE", "ANGLE"],
	"rows": [
		[1, "ACDimmer", "T", 200, -1185, 270],
		[2, "PowerPins", "T", 200, -1760, 90],
		[3, "RelayModule", "T", 1590, -295, 270],
		[4, "TouchSensepins", "T", 1610, -1505, 270],
		[5, "U1", "T", 915, -1045, 0],
		[6, "PAD1", "T", 200, -1810, 0],
		[7, "PAD1", "B", 200, -1810, 0],
		[8, "PAD2", "T", 200, -1710, 0],
		[9, "PAD2", "B", 200, -1710, 0],
		[10, "PAD3", "T", 1590, -445, 0],
		[11, "PAD3", "B", 1590, -445, 0],
		[12, "PAD4", "T", 1590, -345, 0],
		[13, "PAD4", "B", 1590, -345, 0],
		[14, "PAD5", "T", 1590, -245, 0],
		[15, "PAD5", "B", 1590, -245, 0],
		[16, "PAD6", "T", 1590, -145, 0],
		[17, "PAD6", "B", 1590, -145, 0],
		[18, "PAD7", "T", 1610, -1655, 0],
		[19, "PAD7", "B", 1610, -1655, 0],
		[20, "PAD8", "T", 1610, -1555, 0],
		[21, "PAD8", "B", 1610, -1555, 0],
		[22, "PAD9", "T", 1610, -1455, 0],
		[23, "PAD9", "B", 1610, -1455, 0],
		[24, "PAD10", "T", 1610, -1355, 0],
		[25, "PAD10", "B", 1610, -1355, 0],
		[26, "PAD11", "T", 465, -1945, 0],
		[27, "PAD11", "B", 465, -1945, 0],
		[28, "PAD12", "T", 465, -1445, 0],
		[29, "PAD12", "B", 465, -1445, 0],
		[30, "PAD13", "T", 465, -1145, 0],
		[31, "PAD13", "B", 465, -1145, 0],
		[32, "PAD14", "T", 465, -1045, 0],
		[33, "PAD14", "B", 465, -1045, 0],
		[34, "PAD15", "T", 465, -845, 0],
		[35, "PAD15", "B", 465, -845, 0],
		[36, "PAD16", "T", 465, -745, 0],
		[37, "PAD16", "B", 465, -745, 0],
		[38, "PAD17", "T", 1365, -1645, 0],
		[39, "PAD17", "B", 1365, -1645, 0],
		[40, "PAD18", "T", 1365, -1345, 0],
		[41, "PAD18", "B", 1365, -1345, 0],
		[42, "PAD19", "T", 1365, -345, 0],
		[43, "PAD19", "B", 1365, -345, 0],
		[44, "PAD20", "T", 1365, -245, 0],
		[45, "PAD20", "B", 1365, -245, 0],
		[46, "PAD21", "T", 200, -1035, 0],
		[47, "PAD21", "B", 200, -1035, 0],
		[48, "PAD22", "T", 200, -1135, 0],
		[49, "PAD22", "B", 200, -1135, 0],
		[50, "PAD23", "T", 200, -1235, 0],
		[51, "PAD23", "B", 200, -1235, 0],
		[52, "PAD24", "T", 200, -1335, 0],
		[53, "PAD24", "B", 200, -1335, 0]
	]
},
"pins": {
	"fields": ["PIN_NO", "PIN_NAME", "PIN_X", "PIN_Y", "LAYER", "PIN_TYPE", "NET_NAME", "NET_TYPE", "PAD_SHAPE", "PAD_SIZEX", "PAD_SIZEY", "HOLE_SIZE", "HOLE_LEN", "PAD_ANGLE"],
	"rows": [
		[1, "ACDimmer_1", 200, -1035, "T", "DIP", "DP", "", "R", 66.929, 66.929, 43.308, 43.308, 270],
		[2, "ACDimmer_1", 200, -1035, "B", "DIP", "DP", "", "R", 66.929, 66.929, 43.308, 43.308, 270],
		[3, "ACDimmer_2", 200, -1135, "T", "DIP", "ZC", "", "C", 66.929, 66.929, 43.308, 43.308, 270],
		[4, "ACDimmer_2", 200, -1135, "B", "DIP", "ZC", "", "C", 66.929, 66.929, 43.308, 43.308, 270],
		[5, "ACDimmer_3", 200, -1235, "T", "DIP", "GND", "GND", "C", 66.929, 66.929, 43.308, 43.308, 270],
		[6, "ACDimmer_3", 200, -1235, "B", "DIP", "GND", "GND", "C", 66.929, 66.929, 43.308, 43.308, 270],
		[7, "ACDimmer_4", 200, -1335, "T", "DIP", "+5V", "", "C", 66.929, 66.929, 43.308, 43.308, 270],
		[8, "ACDimmer_4", 200, -1335, "B", "DIP", "+5V", "", "C", 66.929, 66.929, 43.308, 43.308, 270],
		[9, "PowerPins_1", 200, -1810, "T", "DIP", "+5V", "", "R", 78.74, 78.74, 47.244, 47.244, 90],
		[10, "PowerPins_1", 200, -1810, "B", "DIP", "+5V", "", "R", 78.74, 78.74, 47.244, 47.244, 90],
		[11, "PowerPins_2", 200, -1710, "T", "DIP", "GND", "GND", "C", 78.74, 78.74, 47.244, 47.244, 90],
		[12, "PowerPins_2", 200, -1710, "B", "DIP", "GND", "GND", "C", 78.74, 78.74, 47.244, 47.244, 90],
		[13, "RelayModule_1", 1590, -145, "T", "DIP", "GND", "GND", "R", 63.779, 63.779, 40.158, 40.158, 270],
		[14, "RelayModule_1", 1590, -145, "B", "DIP", "GND", "GND", "R", 63.779, 63.779, 40.158, 40.158, 270],
		[15, "RelayModule_2", 1590, -245, "T", "DIP", "$1N1040", "", "C", 63.779, 63.779, 40.158, 40.158, 270],
		[16, "RelayModule_2", 1590, -245, "B", "DIP", "$1N1040", "", "C", 63.779, 63.779, 40.158, 40.158, 270],
		[17, "RelayModule_3", 1590, -345, "T", "DIP", "$1N1044", "", "C", 63.779, 63.779, 40.158, 40.158, 270],
		[18, "RelayModule_3", 1590, -345, "B", "DIP", "$1N1044", "", "C", 63.779, 63.779, 40.158, 40.158, 270],
		[19, "RelayModule_4", 1590, -445, "T", "DIP", "+5V", "", "C", 63.779, 63.779, 40.158, 40.158, 270],
		[20, "RelayModule_4", 1590, -445, "B", "DIP", "+5V", "", "C", 63.779, 63.779, 40.158, 40.158, 270],
		[21, "TouchSensepins_1", 1610, -1355, "T", "DIP", "$1N1022", "", "R", 63.779, 63.779, 40.158, 40.158, 270],
		[22, "TouchSensepins_1", 1610, -1355, "B", "DIP", "$1N1022", "", "R", 63.779, 63.779, 40.158, 40.158, 270],
		[23, "TouchSensepins_2", 1610, -1455, "T", "DIP", "T1", "", "C", 63.779, 63.779, 40.158, 40.158, 270],
		[24, "TouchSensepins_2", 1610, -1455, "B", "DIP", "T1", "", "C", 63.779, 63.779, 40.158, 40.158, 270],
		[25, "TouchSensepins_3", 1610, -1555, "T", "DIP", "T2", "", "C", 63.779, 63.779, 40.158, 40.158, 270],
		[26, "TouchSensepins_3", 1610, -1555, "B", "DIP", "T2", "", "C", 63.779, 63.779, 40.158, 40.158, 270],
		[27, "TouchSensepins_4", 1610, -1655, "T", "DIP", "$1N1008", "", "C", 63.779, 63.779, 40.158, 40.158, 270],
		[28, "TouchSensepins_4", 1610, -1655, "B", "DIP", "$1N1008", "", "C", 63.779, 63.779, 40.158, 40.158, 270],
		[29, "U1_1", 465, -145, "T", "DIP", "NET_1", "", "C", 60, 60, 36, 36, 0],
		[30, "U1_1", 465, -145, "B", "DIP", "NET_1", "", "C", 60, 60, 36, 36, 0],
		[31, "U1_2", 465, -245, "T", "DIP", "NET_2", "", "C", 60, 60, 36, 36, 0],
		[32, "U1_2", 465, -245, "B", "DIP", "NET_2", "", "C", 60, 60, 36, 36, 0],
		[33, "U1_3", 465, -345, "T", "DIP", "NET_3", "", "C", 60, 60, 36, 36, 0],
		[34, "U1_3", 465, -345, "B", "DIP", "NET_3", "", "C", 60, 60, 36, 36, 0],
		[35, "U1_4", 465, -445, "T", "DIP", "NET_4", "", "C", 60, 60, 36, 36, 0],
		[36, "U1_4", 465, -445, "B", "DIP", "NET_4", "", "C", 60, 60, 36, 36, 0],
		[37, "U1_5", 465, -545, "T", "DIP", "NET_5", "", "C", 60, 60, 36, 36, 0],
		[38, "U1_5", 465, -545, "B", "DIP", "NET_5", "", "C", 60, 60, 36, 36, 0],
		[39, "U1_6", 465, -645, "T", "DIP", "NET_6", "", "C", 60, 60, 36, 36, 0],
		[40, "U1_6", 465, -645, "B", "DIP", "NET_6", "", "C", 60, 60, 36, 36, 0],
		[41, "U1_7", 465, -745, "T", "DIP", "T1", "", "C", 60, 60, 36, 36, 0],
		[42, "U1_7", 465, -745, "B", "DIP", "T1", "", "C", 60, 60, 36, 36, 0],
		[43, "U1_8", 465, -845, "T", "DIP", "T2", "", "C", 60, 60, 36, 36, 0],
		[44, "U1_8", 465, -845, "B", "DIP", "T2", "", "C", 60, 60, 36, 36, 0],
		[45, "U1_9", 465, -945, "T", "DIP", "NET_7", "", "C", 60, 60, 36, 36, 0],
		[46, "U1_9", 465, -945, "B", "DIP", "NET_7", "", "C", 60, 60, 36, 36, 0],
		[47, "U1_10", 465, -1045, "T", "DIP", "DP", "", "C", 60, 60, 36, 36, 0],
		[48, "U1_10", 465, -1045, "B", "DIP", "DP", "", "C", 60, 60, 36, 36, 0],
		[49, "U1_11", 465, -1145, "T", "DIP", "ZC", "", "C", 60, 60, 36, 36, 0],
		[50, "U1_11", 465, -1145, "B", "DIP", "ZC", "", "C", 60, 60, 36, 36, 0],
		[51, "U1_12", 465, -1245, "T", "DIP", "NET_8", "", "C", 60, 60, 36, 36, 0],
		[52, "U1_12", 465, -1245, "B", "DIP", "NET_8", "", "C", 60, 60, 36, 36, 0],
		[53, "U1_13", 465, -1345, "T", "DIP", "NET_9", "", "C", 60, 60, 36, 36, 0],
		[54, "U1_13", 465, -1345, "B", "DIP", "NET_9", "", "C", 60, 60, 36, 36, 0],
		[55, "U1_14", 465, -1445, "T", "DIP", "GND", "GND", "C", 60, 60, 36, 36, 0],
		[56, "U1_14", 465, -1445, "B", "DIP", "GND", "GND", "C", 60, 60, 36, 36, 0],
		[57, "U1_15", 465, -1545, "T", "DIP", "NET_10", "", "C", 60, 60, 36, 36, 0],
		[58, "U1_15", 465, -1545, "B", "DIP", "NET_10", "", "C", 60, 60, 36, 36, 0],
		[59, "U1_16", 465, -1645, "T", "DIP", "NET_11", "", "C", 60, 60, 36, 36, 0],
		[60, "U1_16", 465, -1645, "B", "DIP", "NET_11", "", "C", 60, 60, 36, 36, 0],
		[61, "U1_17", 465, -1745, "T", "DIP", "NET_12", "", "C", 60, 60, 36, 36, 0],
		[62, "U1_17", 465, -1745, "B", "DIP", "NET_12", "", "C", 60, 60, 36, 36, 0],
		[63, "U1_18", 465, -1845, "T", "DIP", "NET_13", "", "C", 60, 60, 36, 36, 0],
		[64, "U1_18", 465, -1845, "B", "DIP", "NET_13", "", "C", 60, 60, 36, 36, 0],
		[65, "U1_19", 465, -1945, "T", "DIP", "+5V", "", "C", 60, 60, 36, 36, 0],
		[66, "U1_19", 465, -1945, "B", "DIP", "+5V", "", "C", 60, 60, 36, 36, 0],
		[67, "U1_20", 1365, -1945, "T", "DIP", "NET_14", "", "C", 60, 60, 36, 36, 0],
		[68, "U1_20", 1365, -1945, "B", "DIP", "NET_14", "", "C", 60, 60, 36, 36, 0],
		[69, "U1_21", 1365, -1845, "T", "DIP", "NET_15", "", "C", 60, 60, 36, 36, 0],
		[70, "U1_21", 1365, -1845, "B", "DIP", "NET_15", "", "C", 60, 60, 36, 36, 0],
		[71, "U1_22", 1365, -1745, "T", "DIP", "NET_16", "", "C", 60, 60, 36, 36, 0],
		[72, "U1_22", 1365, -1745, "B", "DIP", "NET_16", "", "C", 60, 60, 36, 36, 0],
		[73, "U1_23", 1365, -1645, "T", "DIP", "$1N1008", "", "C", 60, 60, 36, 36, 0],
		[74, "U1_23", 1365, -1645, "B", "DIP", "$1N1008", "", "C", 60, 60, 36, 36, 0],
		[75, "U1_24", 1365, -1545, "T", "DIP", "NET_17", "", "C", 60, 60, 36, 36, 0],
		[76, "U1_24", 1365, -1545, "B", "DIP", "NET_17", "", "C", 60, 60, 36, 36, 0],
		[77, "U1_25", 1365, -1445, "T", "DIP", "NET_18", "", "C", 60, 60, 36, 36, 0],
		[78, "U1_25", 1365, -1445, "B", "DIP", "NET_18", "", "C", 60, 60, 36, 36, 0],
		[79, "U1_26", 1365, -1345, "T", "DIP", "$1N1022", "", "C", 60, 60, 36, 36, 0],
		[80, "U1_26", 1365, -1345, "B", "DIP", "$1N1022", "", "C", 60, 60, 36, 36, 0],
		[81, "U1_27", 1365, -1245, "T", "DIP", "NET_19", "", "C", 60, 60, 36, 36, 0],
		[82, "U1_27", 1365, -1245, "B", "DIP", "NET_19", "", "C", 60, 60, 36, 36, 0],
		[83, "U1_28", 1365, -1145, "T", "DIP", "NET_20", "", "C", 60, 60, 36, 36, 0],
		[84, "U1_28", 1365, -1145, "B", "DIP", "NET_20", "", "C", 60, 60, 36, 36, 0],
		[85, "U1_29", 1365, -1045, "T", "DIP", "NET_21", "", "C", 60, 60, 36, 36, 0],
		[86, "U1_29", 1365, -1045, "B", "DIP", "NET_21", "", "C", 60, 60, 36, 36, 0],
		[87, "U1_30", 1365, -945, "T", "DIP", "NET_22", "", "C", 60, 60, 36, 36, 0],
		[88, "U1_30", 1365, -945, "B", "DIP", "NET_22", "", "C", 60, 60, 36, 36, 0],
		[89, "U1_31", 1365, -845, "T", "DIP", "NET_23", "", "C", 60, 60, 36, 36, 0],
		[90, "U1_31", 1365, -845, "B", "DIP", "NET_23", "", "C", 60, 60, 36, 36, 0],
		[91, "U1_32", 1365, -745, "T", "DIP", "NET_24", "", "C", 60, 60, 36, 36, 0],
		[92, "U1_32", 1365, -745, "B", "DIP", "NET_24", "", "C", 60, 60, 36, 36, 0],
		[93, "U1_33", 1365, -645, "T", "DIP", "NET_25", "", "C", 60, 60, 36, 36, 0],
		[94, "U1_33", 1365, -645, "B", "DIP", "NET_25", "", "C", 60, 60, 36, 36, 0],
		[95, "U1_34", 1365, -545, "T", "DIP", "NET_26", "", "C", 60, 60, 36, 36, 0],
		[96, "U1_34", 1365, -545, "B", "DIP", "NET_26", "", "C", 60, 60, 36, 36, 0],
		[97, "U1_35", 1365, -445, "T", "DIP", "NET_27", "", "C", 60, 60, 36, 36, 0],
		[98, "U1_35", 1365, -445, "B", "DIP", "NET_27", "", "C", 60, 60, 36, 36, 0],
		[99, "U1_36", 1365, -345, "T", "DIP", "$1N1044", "", "C", 60, 60, 36, 36, 0],
		[100, "U1_36", 1365, -345, "B", "DIP", "$1N1044", "", "C", 60, 60, 36, 36, 0],
		[101, "U1_37", 1365, -245, "T", "DIP", "$1N1040", "", "C", 60, 60, 36, 36, 0],
		[102, "U1_37", 1365, -245, "B", "DIP", "$1N1040", "", "C", 60, 60, 36, 36, 0],
		[103, "U1_38", 1365, -145, "T", "DIP", "NET_28", "", "C", 60, 60, 36, 36, 0],
		[104, "U1_38", 1365, -145, "B", "DIP", "NET_28", "", "C", 60, 60, 36, 36, 0],
		[105, "PAD1_1", 200, -1810, "T", "DIP", "+5V", "", "R", 78.74, 78.74, 47.244, 47.244, 90],
		[106, "PAD1_1", 200, -1810, "B", "DIP", "+5V", "", "R", 78.74, 78.74, 47.244, 47.244, 90],
		[107, "PAD2_2", 200, -1710, "T", "DIP", "GND", "GND", "C", 78.74, 78.74, 47.244, 47.244, 90],
		[108, "PAD2_2", 200, -1710, "B", "DIP", "GND", "GND", "C", 78.74, 78.74, 47.244, 47.244, 90],
		[109, "PAD3_4", 1590, -445, "T", "DIP", "+5V", "", "C", 63.779, 63.779, 40.158, 40.158, 270],
		[110, "PAD3_4", 1590, -445, "B", "DIP", "+5V", "", "C", 63.779, 63.779, 40.158, 40.158, 270],
		[111, "PAD4_3", 1590, -345, "T", "DIP", "$1N1044", "", "C", 63.779, 63.779, 40.158, 40.158, 270],
		[112, "PAD4_3", 1590, -345, "B", "DIP", "$1N1044", "", "C", 63.779, 63.779, 40.158, 40.158, 270],
		[113, "PAD5_2", 1590, -245, "T", "DIP", "$1N1040", "", "C", 63.779, 63.779, 40.158, 40.158, 270],
		[114, "PAD5_2", 1590, -245, "B", "DIP", "$1N1040", "", "C", 63.779, 63.779, 40.158, 40.158, 270],
		[115, "PAD6_1", 1590, -145, "T", "DIP", "GND", "GND", "R", 63.779, 63.779, 40.158, 40.158, 270],
		[116, "PAD6_1", 1590, -145, "B", "DIP", "GND", "GND", "R", 63.779, 63.779, 40.158, 40.158, 270],
		[117, "PAD7_4", 1610, -1655, "T", "DIP", "$1N1008", "", "C", 63.779, 63.779, 40.158, 40.158, 270],
		[118, "PAD7_4", 1610, -1655, "B", "DIP", "$1N1008", "", "C", 63.779, 63.779, 40.158, 40.158, 270],
		[119, "PAD8_3", 1610, -1555, "T", "DIP", "T2", "", "C", 63.779, 63.779, 40.158, 40.158, 270],
		[120, "PAD8_3", 1610, -1555, "B", "DIP", "T2", "", "C", 63.779, 63.779, 40.158, 40.158, 270],
		[121, "PAD9_2", 1610, -1455, "T", "DIP", "T1", "", "C", 63.779, 63.779, 40.158, 40.158, 270],
		[122, "PAD9_2", 1610, -1455, "B", "DIP", "T1", "", "C", 63.779, 63.779, 40.158, 40.158, 270],
		[123, "PAD10_1", 1610, -1355, "T", "DIP", "$1N1022", "", "R", 63.779, 63.779, 40.158, 40.158, 270],
		[124, "PAD10_1", 1610, -1355, "B", "DIP", "$1N1022", "", "R", 63.779, 63.779, 40.158, 40.158, 270],
		[125, "PAD11_19", 465, -1945, "T", "DIP", "+5V", "", "C", 60, 60, 36, 36, 0],
		[126, "PAD11_19", 465, -1945, "B", "DIP", "+5V", "", "C", 60, 60, 36, 36, 0],
		[127, "PAD12_14", 465, -1445, "T", "DIP", "GND", "GND", "C", 60, 60, 36, 36, 0],
		[128, "PAD12_14", 465, -1445, "B", "DIP", "GND", "GND", "C", 60, 60, 36, 36, 0],
		[129, "PAD13_11", 465, -1145, "T", "DIP", "ZC", "", "C", 60, 60, 36, 36, 0],
		[130, "PAD13_11", 465, -1145, "B", "DIP", "ZC", "", "C", 60, 60, 36, 36, 0],
		[131, "PAD14_10", 465, -1045, "T", "DIP", "DP", "", "C", 60, 60, 36, 36, 0],
		[132, "PAD14_10", 465, -1045, "B", "DIP", "DP", "", "C", 60, 60, 36, 36, 0],
		[133, "PAD15_8", 465, -845, "T", "DIP", "T2", "", "C", 60, 60, 36, 36, 0],
		[134, "PAD15_8", 465, -845, "B", "DIP", "T2", "", "C", 60, 60, 36, 36, 0],
		[135, "PAD16_7", 465, -745, "T", "DIP", "T1", "", "C", 60, 60, 36, 36, 0],
		[136, "PAD16_7", 465, -745, "B", "DIP", "T1", "", "C", 60, 60, 36, 36, 0],
		[137, "PAD17_23", 1365, -1645, "T", "DIP", "$1N1008", "", "C", 60, 60, 36, 36, 0],
		[138, "PAD17_23", 1365, -1645, "B", "DIP", "$1N1008", "", "C", 60, 60, 36, 36, 0],
		[139, "PAD18_26", 1365, -1345, "T", "DIP", "$1N1022", "", "C", 60, 60, 36, 36, 0],
		[140, "PAD18_26", 1365, -1345, "B", "DIP", "$1N1022", "", "C", 60, 60, 36, 36, 0],
		[141, "PAD19_36", 1365, -345, "T", "DIP", "$1N1044", "", "C", 60, 60, 36, 36, 0],
		[142, "PAD19_36", 1365, -345, "B", "DIP", "$1N1044", "", "C", 60, 60, 36, 36, 0],
		[143, "PAD20_37", 1365, -245, "T", "DIP", "$1N1040", "", "C", 60, 60, 36, 36, 0],
		[144, "PAD20_37", 1365, -245, "B", "DIP", "$1N1040", "", "C", 60, 60, 36, 36, 0],
		[145, "PAD21_1", 200, -1035, "T", "DIP", "DP", "", "R", 66.929, 66.929, 43.308, 43.308, 270],
		[146, "PAD21_1", 200, -1035, "B", "DIP", "DP", "", "R", 66.929, 66.929, 43.308, 43.308, 270],
		[147, "PAD22_2", 200, -1135, "T", "DIP", "ZC", "", "C", 66.929, 66.929, 43.308, 43.308, 270],
		[148, "PAD22_2", 200, -1135, "B", "DIP", "ZC", "", "C", 66.929, 66.929, 43.308, 43.308, 270],
		[149, "PAD23_3", 200, -1235, "T", "DIP", "GND", "GND", "C", 66.929, 66.929, 43.308, 43.308, 270],
		[150, "PAD23_3", 200, -1235, "B", "DIP", "GND", "GND", "C", 66.929, 66.929, 43.308, 43.308, 270],
		[151, "PAD24_4", 200, -1335, "T", "DIP", "+5V", "", "C", 66.929, 66.929, 43.308, 43.308, 270],
		[152, "PAD24_4", 200, -1335, "B", "DIP", "+5V", "", "C", 66.929, 66.929, 43.308, 43.308, 270]
	]
}
}