{
"lengthUnit": "mil",
"remark": [],
"components": {
	"fields": ["COMPONENT_NO", "COMPONENT_NAME", "LAYER", "X_COORDINATE", "Y_COORDINATE", "ANGLE"],
	"rows": [
		[1, "H1", "T", 4690, -870, 270],
		[2, "H2", "T", 4800, -870, 270],
		[3, "H3", "T", 4910, -870, 270],
		[4, "H4", "T", 6025, -880, 270],
		[5, "H5", "T", 6135, -880, 270],
		[6, "H6", "T", 6245, -880, 270],
		[7, "U1", "T", 5490, -890, 90],
		[8, "PAD1", "T", 4690, -170, 0],
		[9, "PAD1", "B", 4690, -170, 0],
		[10, "PAD2", "T", 4690, -270, 0],
		[11, "PAD2", "B", 4690, -270, 0],
		[12, "PAD3", "T", 4690, -370, 0],
		[13, "PAD3", "B", 4690, -370, 0],
		[14, "PAD4", "T", 4690, -470, 0],
		[15, "PAD4", "B", 4690, -470, 0],
		[16, "PAD5", "T", 4690, -570, 0],
		[17, "PAD5", "B", 4690, -570, 0],
		[18, "PAD6", "T", 4690, -670, 0],
		[19, "PAD6", "B", 4690, -670, 0],
		[20, "PAD7", "T", 4690, -770, 0],
		[21, "PAD7", "B", 4690, -770, 0],
		[22, "PAD8", "T", 4690, -870, 0],
		[23, "PAD8", "B", 4690, -870, 0],
		[24, "PAD9", "T", 4690, -970, 0],
		[25, "PAD9", "B", 4690, -970, 0],
		[26, "PAD10", "T", 4690, -1070, 0],
		[27, "PAD10", "B", 4690, -1070, 0],
		[28, "PAD11", "T", 4690, -1170, 0],
		[29, "PAD11", "B", 4690, -1170, 0],
		[30, "PAD12", "T", 4690, -1270, 0],
		[31, "PAD12", "B", 4690, -1270, 0],
		[32, "PAD13", "T", 4690, -1370, 0],
		[33, "PAD13", "B", 4690, -1370, 0],
		[34, "PAD14", "T", 4690, -1470, 0],
		[35, "PAD14", "B", 4690, -1470, 0],
		[36, "PAD15", "T", 4690, -1570, 0],
		[37, "PAD15", "B", 4690, -1570, 0],
		[38, "PAD16", "T", 4800, -170, 0],
		[39, "PAD16", "B", 4800, -170, 0],
		[40, "PAD17", "T", 4800, -270, 0],
		[41, "PAD17", "B", 4800, -270, 0],
		[42, "PAD18", "T", 4800, -370, 0],
		[43, "PAD18", "B", 4800, -370, 0],
		[44, "PAD19", "T", 4800, -470, 0],
		[45, "PAD19", "B", 4800, -470, 0],
		[46, "PAD20", "T", 4800, -570, 0],
		[47, "PAD20", "B", 4800, -570, 0],
		[48, "PAD21", "T", 4800, -670, 0],
		[49, "PAD21", "B", 4800, -670, 0],
		[50, "PAD22", "T", 4800, -770, 0],
		[51, "PAD22", "B", 4800, -770, 0],
		[52, "PAD23", "T", 4800, -870, 0],
		[53, "PAD23", "B", 4800, -870, 0],
		[54, "PAD24", "T", 4800, -970, 0],
		[55, "PAD24", "B", 4800, -970, 0],
		[56, "PAD25", "T", 4800, -1070, 0],
		[57, "PAD25", "B", 4800, -1070, 0],
		[58, "PAD26", "T", 4800, -1170, 0],
		[59, "PAD26", "B", 4800, -1170, 0],
		[60, "PAD27", "T", 4800, -1270, 0],
		[61, "PAD27", "B", 4800, -1270, 0],
		[62, "PAD28", "T", 4800, -1370, 0],
		[63, "PAD28", "B", 4800, -1370, 0],
		[64, "PAD29", "T", 4800, -1470, 0],
		[65, "PAD29", "B", 4800, -1470, 0],
		[66, "PAD30", "T", 4800, -1570, 0],
		[67, "PAD30", "B", 4800, -1570, 0],
		[68, "PAD31", "T", 4910, -170, 0],
		[69, "PAD31", "B", 4910, -170, 0],
		[70, "PAD32", "T", 4910, -270, 0],
		[71, "PAD32", "B", 4910, -270, 0],
		[72, "PAD33", "T", 4910, -370, 0],
		[73, "PAD33", "B", 4910, -370, 0],
		[74, "PAD34", "T", 4910, -470, 0],
		[75, "PAD34", "B", 4910, -470, 0],
		[76, "PAD35", "T", 4910, -570, 0],
		[77, "PAD35", "B", 4910, -570, 0],
		[78, "PAD36", "T", 4910, -670, 0],
		[79, "PAD36", "B", 4910, -670, 0],
		[80, "PAD37", "T", 4910, -770, 0],
		[81, "PAD37", "B", 4910, -770, 0],
		[82, "PAD38", "T", 4910, -870, 0],
		[83, "PAD38", "B", 4910, -870, 0],
		[84, "PAD39", "T", 4910, -970, 0],
		[85, "PAD39", "B", 4910, -970, 0],
		[86, "PAD40", "T", 4910, -1070, 0],
		[87, "PAD40", "B", 4910, -1070, 0],
		[88, "PAD41", "T", 4910, -1170, 0],
		[89, "PAD41", "B", 4910, -1170, 0],
		[90, "PAD42", "T", 4910, -1270, 0],
		[91, "PAD42", "B", 4910, -1270, 0],
		[92, "PAD43", "T", 4910, -1370, 0],
		[93, "PAD43", "B", 4910, -1370, 0],
		[94, "PAD44", "T", 4910, -1470, 0],
		[95, "PAD44", "B", 4910, -1470, 0],
		[96, "PAD45", "T", 4910, -1570, 0],
		[97, "PAD45", "B", 4910, -1570, 0],
		[98, "PAD46", "T", 6025, -180, 0],
		[99, "PAD46", "B", 6025, -180, 0],
		[100, "PAD47", "T", 6025, -280, 0],
		[101, "PAD47", "B", 6025, -280, 0],
		[102, "PAD48", "T", 6025, -380, 0],
		[103, "PAD48", "B", 6025, -380, 0],
		[104, "PAD49", "T", 6025, -480, 0],
		[105, "PAD49", "B", 6025, -480, 0],
		[106, "PAD50", "T", 6025, -580, 0],
		[107, "PAD50", "B", 6025, -580, 0],
		[108, "PAD51", "T", 6025, -680, 0],
		[109, "PAD51", "B", 6025, -680, 0],
		[110, "PAD52", "T", 6025, -780, 0],
		[111, "PAD52", "B", 6025, -780, 0],
		[112, "PAD53", "T", 6025, -880, 0],
		[113, "PAD53", "B", 6025, -880, 0],
		[114, "PAD54", "T", 6025, -980, 0],
		[115, "PAD54", "B", 6025, -980, 0],
		[116, "PAD55", "T", 6025, -1080, 0],
		[117, "PAD55", "B", 6025, -1080, 0],
		[118, "PAD56", "T", 6025, -1180, 0],
		[119, "PAD56", "B", 6025, -1180, 0],
		[120, "PAD57", "T", 6025, -1280, 0],
		[121, "PAD57", "B", 6025, -1280, 0],
		[122, "PAD58", "T", 6025, -1380, 0],
		[123, "PAD58", "B", 6025, -1380, 0],
		[124, "PAD59", "T", 6025, -1480, 0],
		[125, "PAD59", "B", 6025, -1480, 0],
		[126, "PAD60", "T", 6025, -1580, 0],
		[127, "PAD60", "B", 6025, -1580, 0],
		[128, "PAD61", "T", 6135, -180, 0],
		[129, "PAD61", "B", 6135, -180, 0],
		[130, "PAD62", "T", 6135, -280, 0],
		[131, "PAD62", "B", 6135, -280, 0],
		[132, "PAD63", "T", 6135, -380, 0],
		[133, "PAD63", "B", 6135, -380, 0],
		[134, "PAD64", "T", 6135, -480, 0],
		[135, "PAD64", "B", 6135, -480, 0],
		[136, "PAD65", "T", 6135, -580, 0],
		[137, "PAD65", "B", 6135, -580, 0],
		[138, "PAD66", "T", 6135, -680, 0],
		[139, "PAD66", "B", 6135, -680, 0],
		[140, "PAD67", "T", 6135, -780, 0],
		[141, "PAD67", "B", 6135, -780, 0],
		[142, "PAD68", "T", 6135, -880, 0],
		[143, "PAD68", "B", 6135, -880, 0],
		[144, "PAD69", "T", 6135, -980, 0],
		[145, "PAD69", "B", 6135, -980, 0],
		[146, "PAD70", "T", 6135, -1080, 0],
		[147, "PAD70", "B", 6135, -1080, 0],
		[148, "PAD71", "T", 6135, -1180, 0],
		[149, "PAD71", "B", 6135, -1180, 0],
		[150, "PAD72", "T", 6135, -1280, 0],
		[151, "PAD72", "B", 6135, -1280, 0],
		[152, "PAD73", "T", 6135, -1380, 0],
		[153, "PAD73", "B", 6135, -1380, 0],
		[154, "PAD74", "T", 6135, -1480, 0],
		[155, "PAD74", "B", 6135, -1480, 0],
		[156, "PAD75", "T", 6135, -1580, 0],
		[157, "PAD75", "B", 6135, -1580, 0],
		[158, "PAD76", "T", 6245, -180, 0],
		[159, "PAD76", "B", 6245, -180, 0],
		[160, "PAD77", "T", 6245, -280, 0],
		[161, "PAD77", "B", 6245, -280, 0],
		[162, "PAD78", "T", 6245, -380, 0],
		[163, "PAD78", "B", 6245, -380, 0],
		[164, "PAD79", "T", 6245, -480, 0],
		[165, "PAD79", "B", 6245, -480, 0],
		[166, "PAD80", "T", 6245, -580, 0],
		[167, "PAD80", "B", 6245, -580, 0],
		[168, "PAD81", "T", 6245, -680, 0],
		[169, "PAD81", "B", 6245, -680, 0],
		[170, "PAD82", "T", 6245, -780, 0],
		[171, "PAD82", "B", 6245, -780, 0],
		[172, "PAD83", "T", 6245, -880, 0],
		[173, "PAD83", "B", 6245, -880, 0],
		[174, "PAD84", "T", 6245, -980, 0],
		[175, "PAD84", "B", 6245, -980, 0],
		[176, "PAD85", "T", 6245, -1080, 0],
		[177, "PAD85", "B", 6245, -1080, 0],
		[178, "PAD86", "T", 6245, -1180, 0],
		[179, "PAD86", "B", 6245, -1180, 0],
		[180, "PAD87", "T", 6245, -1280, 0],
		[181, "PAD87", "B", 6245, -1280, 0],
		[182, "PAD88", "T", 6245, -1380, 0],
		[183, "PAD88", "B", 6245, -1380, 0],
		[184, "PAD89", "T", 6245, -1480, 0],
		[185, "PAD89", "B", 6245, -1480, 0],
		[186, "PAD90", "T", 6245, -1580, 0],
		[187, "PAD90", "B", 6245, -1580, 0],
		[188, "PAD91", "T", 5190, -190, 0],
		[189, "PAD91", "B", 5190, -190, 0],
		[190, "PAD92", "T", 5790, -290, 0],
		[191, "PAD92", "B", 5790, -290, 0],
		[192, "PAD93", "T", 5790, -490, 0],
		[193, "PAD93", "B", 5790, -490, 0],
		[194, "PAD94", "T", 5790, -690, 0],
		[195, "PAD94", "B", 5790, -690, 0],
		[196, "PAD95", "T", 5790, -890, 0],
		[197, "PAD95", "B", 5790, -890, 0],
		[198, "PAD96", "T", 5790, -1090, 0],
		[199, "PAD96", "B", 5790, -1090, 0],
		[200, "PAD97", "T", 5790, -1290, 0],
		[201, "PAD97", "B", 5790, -1290, 0],
		[202, "PAD98", "T", 5790, -1490, 0],
		[203, "PAD98", "B", 5790, -1490, 0],
		[204, "PAD99", "T", 5190, -1590, 0],
		[205, "PAD99", "B", 5190, -1590, 0],
		[206, "PAD100", "T", 5190, -1390, 0],
		[207, "PAD100", "B", 5190, -1390, 0],
		[208, "PAD101", "T", 5190, -1190, 0],
		[209, "PAD101", "B", 5190, -1190, 0],
		[210, "PAD102", "T", 5190, -990, 0],
		[211, "PAD102", "B", 5190, -990, 0],
		[212, "PAD103", "T", 5190, -790, 0],
		[213, "PAD103", "B", 5190, -790, 0],
		[214, "PAD104", "T", 5190, -590, 0],
		[215, "PAD104", "B", 5190, -590, 0],
		[216, "PAD105", "T", 5190, -390, 0],
		[217, "PAD105", "B", 5190, -390, 0],
		[218, "PAD106", "T", 5190, -290, 0],
		[219, "PAD106", "B", 5190, -290, 0],
		[220, "PAD107", "T", 5190, -490, 0],
		[221, "PAD107", "B", 5190, -490, 0],
		[222, "PAD108", "T", 5190, -690, 0],
		[223, "PAD108", "B", 5190, -690, 0],
		[224, "PAD109", "T", 5190, -890, 0],
		[225, "PAD109", "B", 5190, -890, 0],
		[226, "PAD110", "T", 5190, -1090, 0],
		[227, "PAD110", "B", 5190, -1090, 0],
		[228, "PAD111", "T", 5190, -1290, 0],
		[229, "PAD111", "B", 5190, -1290, 0],
		[230, "PAD112", "T", 5190, -1490, 0],
		[231, "PAD112", "B", 5190, -1490, 0],
		[232, "PAD113", "T", 5790, -1590, 0],
		[233, "PAD113", "B", 5790, -1590, 0],
		[234, "PAD114", "T", 5790, -1390, 0],
		[235, "PAD114", "B", 5790, -1390, 0],
		[236, "PAD115", "T", 5790, -1190, 0],
		[237, "PAD115", "B", 5790, -1190, 0],
		[238, "PAD116", "T", 5790, -990, 0],
		[239, "PAD116", "B", 5790, -990, 0],
		[240, "PAD117", "T", 5790, -790, 0],
		[241, "PAD117", "B", 5790, -790, 0],
		[242, "PAD118", "T", 5790, -590, 0],
		[243, "PAD118", "B", 5790, -590, 0],
		[244, "PAD119", "T", 5790, -390, 0],
		[245, "PAD119", "B", 5790, -390, 0],
		[246, "PAD120", "T", 5790, -190, 0],
		[247, "PAD120", "B", 5790, -190, 0]
	]
},
"pins": {
	"fields": ["PIN_NO", "PIN_NAME", "PIN_X", "PIN_Y", "LAYER", "PIN_TYPE", "NET_NAME", "NET_TYPE", "PAD_SHAPE", "PAD_SIZEX", "PAD_SIZEY", "HOLE_SIZE", "HOLE_LEN", "PAD_ANGLE"],
	"rows": [
		[1, "H1_1", 4690, -170, "T", "DIP", "GND", "GND", "R", 62.992, 62.992, 41.338, 41.338, 270],
		[2, "H1_1", 4690, -170, "B", "DIP", "GND", "GND", "R", 62.992, 62.992, 41.338, 41.338, 270],
		[3, "H1_2", 4690, -270, "T", "DIP", "GND", "GND", "C", 62.992, 62.992, 41.338, 41.338, 270],
		[4, "H1_2", 4690, -270, "B", "DIP", "GND", "GND", "C", 62.992, 62.992, 41.338, 41.338, 270],
		[5, "H1_3", 4690, -370, "T", "DIP", "GND", "GND", "C", 62.992, 62.992, 41.338, 41.338, 270],
		[6, "H1_3", 4690, -370, "B", "DIP", "GND", "GND", "C", 62.992, 62.992, 41.338, 41.338, 270],
		[7, "H1_4", 4690, -470, "T", "DIP", "GND", "GND", "C", 62.992, 62.992, 41.338, 41.338, 270],
		[8, "H1_4", 4690, -470, "B", "DIP", "GND", "GND", "C", 62.992, 62.992, 41.338, 41.338, 270],
		[9, "H1_5", 4690, -570, "T", "DIP", "GND", "GND", "C", 62.992, 62.992, 41.338, 41.338, 270],
		[10, "H1_5", 4690, -570, "B", "DIP", "GND", "GND", "C", 62.992, 62.992, 41.338, 41.338, 270],
		[11, "H1_6", 4690, -670, "T", "DIP", "GND", "GND", "C", 62.992, 62.992, 41.338, 41.338, 270],
		[12, "H1_6", 4690, -670, "B", "DIP", "GND", "GND", "C", 62.992, 62.992, 41.338, 41.338, 270],
		[13, "H1_7", 4690, -770, "T", "DIP", "GND", "GND", "C", 62.992, 62.992, 41.338, 41.338, 270],
		[14, "H1_7", 4690, -770, "B", "DIP", "GND", "GND", "C", 62.992, 62.992, 41.338, 41.338, 270],
		[15, "H1_8", 4690, -870, "T", "DIP", "GND", "GND", "C", 62.992, 62.992, 41.338, 41.338, 270],
		[16, "H1_8", 4690, -870, "B", "DIP", "GND", "GND", "C", 62.992, 62.992, 41.338, 41.338, 270],
		[17, "H1_9", 4690, -970, "T", "DIP", "GND", "GND", "C", 62.992, 62.992, 41.338, 41.338, 270],
		[18, "H1_9", 4690, -970, "B", "DIP", "GND", "GND", "C", 62.992, 62.992, 41.338, 41.338, 270],
		[19, "H1_10", 4690, -1070, "T", "DIP", "GND", "GND", "C", 62.992, 62.992, 41.338, 41.338, 270],
		[20, "H1_10", 4690, -1070, "B", "DIP", "GND", "GND", "C", 62.992, 62.992, 41.338, 41.338, 270],
		[21, "H1_11", 4690, -1170, "T", "DIP", "GND", "GND", "C", 62.992, 62.992, 41.338, 41.338, 270],
		[22, "H1_11", 4690, -1170, "B", "DIP", "GND", "GND", "C", 62.992, 62.992, 41.338, 41.338, 270],
		[23, "H1_12", 4690, -1270, "T", "DIP", "GND", "GND", "C", 62.992, 62.992, 41.338, 41.338, 270],
		[24, "H1_12", 4690, -1270, "B", "DIP", "GND", "GND", "C", 62.992, 62.992, 41.338, 41.338, 270],
		[25, "H1_13", 4690, -1370, "T", "DIP", "GND", "GND", "C", 62.992, 62.992, 41.338, 41.338, 270],
		[26, "H1_13", 4690, -1370, "B", "DIP", "GND", "GND", "C", 62.992, 62.992, 41.338, 41.338, 270],
		[27, "H1_14", 4690, -1470, "T", "DIP", "GND", "GND", "C", 62.992, 62.992, 41.338, 41.338, 270],
		[28, "H1_14", 4690, -1470, "B", "DIP", "GND", "GND", "C", 62.992, 62.992, 41.338, 41.338, 270],
		[29, "H1_15", 4690, -1570, "T", "DIP", "GND", "GND", "C", 62.992, 62.992, 41.338, 41.338, 270],
		[30, "H1_15", 4690, -1570, "B", "DIP", "GND", "GND", "C", 62.992, 62.992, 41.338, 41.338, 270],
		[31, "H2_1", 4800, -170, "T", "DIP", "+5V", "", "R", 62.992, 62.992, 41.338, 41.338, 270],
		[32, "H2_1", 4800, -170, "B", "DIP", "+5V", "", "R", 62.992, 62.992, 41.338, 41.338, 270],
		[33, "H2_2", 4800, -270, "T", "DIP", "+5V", "", "C", 62.992, 62.992, 41.338, 41.338, 270],
		[34, "H2_2", 4800, -270, "B", "DIP", "+5V", "", "C", 62.992, 62.992, 41.338, 41.338, 270],
		[35, "H2_3", 4800, -370, "T", "DIP", "+5V", "", "C", 62.992, 62.992, 41.338, 41.338, 270],
		[36, "H2_3", 4800, -370, "B", "DIP", "+5V", "", "C", 62.992, 62.992, 41.338, 41.338, 270],
		[37, "H2_4", 4800, -470, "T", "DIP", "+5V", "", "C", 62.992, 62.992, 41.338, 41.338, 270],
		[38, "H2_4", 4800, -470, "B", "DIP", "+5V", "", "C", 62.992, 62.992, 41.338, 41.338, 270],
		[39, "H2_5", 4800, -570, "T", "DIP", "+5V", "", "C", 62.992, 62.992, 41.338, 41.338, 270],
		[40, "H2_5", 4800, -570, "B", "DIP", "+5V", "", "C", 62.992, 62.992, 41.338, 41.338, 270],
		[41, "H2_6", 4800, -670, "T", "DIP", "+5V", "", "C", 62.992, 62.992, 41.338, 41.338, 270],
		[42, "H2_6", 4800, -670, "B", "DIP", "+5V", "", "C", 62.992, 62.992, 41.338, 41.338, 270],
		[43, "H2_7", 4800, -770, "T", "DIP", "+5V", "", "C", 62.992, 62.992, 41.338, 41.338, 270],
		[44, "H2_7", 4800, -770, "B", "DIP", "+5V", "", "C", 62.992, 62.992, 41.338, 41.338, 270],
		[45, "H2_8", 4800, -870, "T", "DIP", "+5V", "", "C", 62.992, 62.992, 41.338, 41.338, 270],
		[46, "H2_8", 4800, -870, "B", "DIP", "+5V", "", "C", 62.992, 62.992, 41.338, 41.338, 270],
		[47, "H2_9", 4800, -970, "T", "DIP", "+5V", "", "C", 62.992, 62.992, 41.338, 41.338, 270],
		[48, "H2_9", 4800, -970, "B", "DIP", "+5V", "", "C", 62.992, 62.992, 41.338, 41.338, 270],
		[49, "H2_10", 4800, -1070, "T", "DIP", "+5V", "", "C", 62.992, 62.992, 41.338, 41.338, 270],
		[50, "H2_10", 4800, -1070, "B", "DIP", "+5V", "", "C", 62.992, 62.992, 41.338, 41.338, 270],
		[51, "H2_11", 4800, -1170, "T", "DIP", "+5V", "", "C", 62.992, 62.992, 41.338, 41.338, 270],
		[52, "H2_11", 4800, -1170, "B", "DIP", "+5V", "", "C", 62.992, 62.992, 41.338, 41.338, 270],
		[53, "H2_12", 4800, -1270, "T", "DIP", "+5V", "", "C", 62.992, 62.992, 41.338, 41.338, 270],
		[54, "H2_12", 4800, -1270, "B", "DIP", "+5V", "", "C", 62.992, 62.992, 41.338, 41.338, 270],
		[55, "H2_13", 4800, -1370, "T", "DIP", "+5V", "", "C", 62.992, 62.992, 41.338, 41.338, 270],
		[56, "H2_13", 4800, -1370, "B", "DIP", "+5V", "", "C", 62.992, 62.992, 41.338, 41.338, 270],
		[57, "H2_14", 4800, -1470, "T", "DIP", "+5V", "", "C", 62.992, 62.992, 41.338, 41.338, 270],
		[58, "H2_14", 4800, -1470, "B", "DIP", "+5V", "", "C", 62.992, 62.992, 41.338, 41.338, 270],
		[59, "H2_15", 4800, -1570, "T", "DIP", "+5V", "", "C", 62.992, 62.992, 41.338, 41.338, 270],
		[60, "H2_15", 4800, -1570, "B", "DIP", "+5V", "", "C", 62.992, 62.992, 41.338, 41.338, 270],
		[61, "H3_1", 4910, -170, "T", "DIP", "$1N755", "", "R", 62.992, 62.992, 41.338, 41.338, 270],
		[62, "H3_1", 4910, -170, "B", "DIP", "$1N755", "", "R", 62.992, 62.992, 41.338, 41.338, 270],
		[63, "H3_2", 4910, -270, "T", "DIP", "$1N759", "", "C", 62.992, 62.992, 41.338, 41.338, 270],
		[64, "H3_2", 4910, -270, "B", "DIP", "$1N759", "", "C", 62.992, 62.992, 41.338, 41.338, 270],
		[65, "H3_3", 4910, -370, "T", "DIP", "$1N764", "", "C", 62.992, 62.992, 41.338, 41.338, 270],
		[66, "H3_3", 4910, -370, "B", "DIP", "$1N764", "", "C", 62.992, 62.992, 41.338, 41.338, 270],
		[67, "H3_4", 4910, -470, "T", "DIP", "$1N769", "", "C", 62.992, 62.992, 41.338, 41.338, 270],
		[68, "H3_4", 4910, -470, "B", "DIP", "$1N769", "", "C", 62.992, 62.992, 41.338, 41.338, 270],
		[69, "H3_5", 4910, -570, "T", "DIP", "$1N774", "", "C", 62.992, 62.992, 41.338, 41.338, 270],
		[70, "H3_5", 4910, -570, "B", "DIP", "$1N774", "", "C", 62.992, 62.992, 41.338, 41.338, 270],
		[71, "H3_6", 4910, -670, "T", "DIP", "$1N779", "", "C", 62.992, 62.992, 41.338, 41.338, 270],
		[72, "H3_6", 4910, -670, "B", "DIP", "$1N779", "", "C", 62.992, 62.992, 41.338, 41.338, 270],
		[73, "H3_7", 4910, -770, "T", "DIP", "$1N784", "", "C", 62.992, 62.992, 41.338, 41.338, 270],
		[74, "H3_7", 4910, -770, "B", "DIP", "$1N784", "", "C", 62.992, 62.992, 41.338, 41.338, 270],
		[75, "H3_8", 4910, -870, "T", "DIP", "$1N809", "", "C", 62.992, 62.992, 41.338, 41.338, 270],
		[76, "H3_8", 4910, -870, "B", "DIP", "$1N809", "", "C", 62.992, 62.992, 41.338, 41.338, 270],
		[77, "H3_9", 4910, -970, "T", "DIP", "$1N813", "", "C", 62.992, 62.992, 41.338, 41.338, 270],
		[78, "H3_9", 4910, -970, "B", "DIP", "$1N813", "", "C", 62.992, 62.992, 41.338, 41.338, 270],
		[79, "H3_10", 4910, -1070, "T", "DIP", "$1N818", "", "C", 62.992, 62.992, 41.338, 41.338, 270],
		[80, "H3_10", 4910, -1070, "B", "DIP", "$1N818", "", "C", 62.992, 62.992, 41.338, 41.338, 270],
		[81, "H3_11", 4910, -1170, "T", "DIP", "$1N843", "", "C", 62.992, 62.992, 41.338, 41.338, 270],
		[82, "H3_11", 4910, -1170, "B", "DIP", "$1N843", "", "C", 62.992, 62.992, 41.338, 41.338, 270],
		[83, "H3_12", 4910, -1270, "T", "DIP", "$1N838", "", "C", 62.992, 62.992, 41.338, 41.338, 270],
		[84, "H3_12", 4910, -1270, "B", "DIP", "$1N838", "", "C", 62.992, 62.992, 41.338, 41.338, 270],
		[85, "H3_13", 4910, -1370, "T", "DIP", "$1N833", "", "C", 62.992, 62.992, 41.338, 41.338, 270],
		[86, "H3_13", 4910, -1370, "B", "DIP", "$1N833", "", "C", 62.992, 62.992, 41.338, 41.338, 270],
		[87, "H3_14", 4910, -1470, "T", "DIP", "$1N828", "", "C", 62.992, 62.992, 41.338, 41.338, 270],
		[88, "H3_14", 4910, -1470, "B", "DIP", "$1N828", "", "C", 62.992, 62.992, 41.338, 41.338, 270],
		[89, "H3_15", 4910, -1570, "T", "DIP", "$1N823", "", "C", 62.992, 62.992, 41.338, 41.338, 270],
		[90, "H3_15", 4910, -1570, "B", "DIP", "$1N823", "", "C", 62.992, 62.992, 41.338, 41.338, 270],
		[91, "H4_1", 6025, -180, "T", "DIP", "$1N954", "", "R", 62.992, 62.992, 41.338, 41.338, 270],
		[92, "H4_1", 6025, -180, "B", "DIP", "$1N954", "", "R", 62.992, 62.992, 41.338, 41.338, 270],
		[93, "H4_2", 6025, -280, "T", "DIP", "GND", "GND", "C", 62.992, 62.992, 41.338, 41.338, 270],
		[94, "H4_2", 6025, -280, "B", "DIP", "GND", "GND", "C", 62.992, 62.992, 41.338, 41.338, 270],
		[95, "H4_3", 6025, -380, "T", "DIP", "$1N963", "", "C", 62.992, 62.992, 41.338, 41.338, 270],
		[96, "H4_3", 6025, -380, "B", "DIP", "$1N963", "", "C", 62.992, 62.992, 41.338, 41.338, 270],
		[97, "H4_4", 6025, -480, "T", "DIP", "+5V", "", "C", 62.992, 62.992, 41.338, 41.338, 270],
		[98, "H4_4", 6025, -480, "B", "DIP", "+5V", "", "C", 62.992, 62.992, 41.338, 41.338, 270],
		[99, "H4_5", 6025, -580, "T", "DIP", "$1N973", "", "C", 62.992, 62.992, 41.338, 41.338, 270],
		[100, "H4_5", 6025, -580, "B", "DIP", "$1N973", "", "C", 62.992, 62.992, 41.338, 41.338, 270],
		[101, "H4_6", 6025, -680, "T", "DIP", "$1N978", "", "C", 62.992, 62.992, 41.338, 41.338, 270],
		[102, "H4_6", 6025, -680, "B", "DIP", "$1N978", "", "C", 62.992, 62.992, 41.338, 41.338, 270],
		[103, "H4_7", 6025, -780, "T", "DIP", "$1N1008", "", "C", 62.992, 62.992, 41.338, 41.338, 270],
		[104, "H4_7", 6025, -780, "B", "DIP", "$1N1008", "", "C", 62.992, 62.992, 41.338, 41.338, 270],
		[105, "H4_8", 6025, -880, "T", "DIP", "$1N1013", "", "C", 62.992, 62.992, 41.338, 41.338, 270],
		[106, "H4_8", 6025, -880, "B", "DIP", "$1N1013", "", "C", 62.992, 62.992, 41.338, 41.338, 270],
		[107, "H4_9", 6025, -980, "T", "DIP", "$1N1018", "", "C", 62.992, 62.992, 41.338, 41.338, 270],
		[108, "H4_9", 6025, -980, "B", "DIP", "$1N1018", "", "C", 62.992, 62.992, 41.338, 41.338, 270],
		[109, "H4_10", 6025, -1080, "T", "DIP", "$1N1023", "", "C", 62.992, 62.992, 41.338, 41.338, 270],
		[110, "H4_10", 6025, -1080, "B", "DIP", "$1N1023", "", "C", 62.992, 62.992, 41.338, 41.338, 270],
		[111, "H4_11", 6025, -1180, "T", "DIP", "$1N1003", "", "C", 62.992, 62.992, 41.338, 41.338, 270],
		[112, "H4_11", 6025, -1180, "B", "DIP", "$1N1003", "", "C", 62.992, 62.992, 41.338, 41.338, 270],
		[113, "H4_12", 6025, -1280, "T", "DIP", "$1N998", "", "C", 62.992, 62.992, 41.338, 41.338, 270],
		[114, "H4_12", 6025, -1280, "B", "DIP", "$1N998", "", "C", 62.992, 62.992, 41.338, 41.338, 270],
		[115, "H4_13", 6025, -1380, "T", "DIP", "$1N993", "", "C", 62.992, 62.992, 41.338, 41.338, 270],
		[116, "H4_13", 6025, -1380, "B", "DIP", "$1N993", "", "C", 62.992, 62.992, 41.338, 41.338, 270],
		[117, "H4_14", 6025, -1480, "T", "DIP", "$1N988", "", "C", 62.992, 62.992, 41.338, 41.338, 270],
		[118, "H4_14", 6025, -1480, "B", "DIP", "$1N988", "", "C", 62.992, 62.992, 41.338, 41.338, 270],
		[119, "H4_15", 6025, -1580, "T", "DIP", "$1N983", "", "C", 62.992, 62.992, 41.338, 41.338, 270],
		[120, "H4_15", 6025, -1580, "B", "DIP", "$1N983", "", "C", 62.992, 62.992, 41.338, 41.338, 270],
		[121, "H5_1", 6135, -180, "T", "DIP", "+5V", "", "R", 62.992, 62.992, 41.338, 41.338, 270],
		[122, "H5_1", 6135, -180, "B", "DIP", "+5V", "", "R", 62.992, 62.992, 41.338, 41.338, 270],
		[123, "H5_2", 6135, -280, "T", "DIP", "+5V", "", "C", 62.992, 62.992, 41.338, 41.338, 270],
		[124, "H5_2", 6135, -280, "B", "DIP", "+5V", "", "C", 62.992, 62.992, 41.338, 41.338, 270],
		[125, "H5_3", 6135, -380, "T", "DIP", "+5V", "", "C", 62.992, 62.992, 41.338, 41.338, 270],
		[126, "H5_3", 6135, -380, "B", "DIP", "+5V", "", "C", 62.992, 62.992, 41.338, 41.338, 270],
		[127, "H5_4", 6135, -480, "T", "DIP", "+5V", "", "C", 62.992, 62.992, 41.338, 41.338, 270],
		[128, "H5_4", 6135, -480, "B", "DIP", "+5V", "", "C", 62.992, 62.992, 41.338, 41.338, 270],
		[129, "H5_5", 6135, -580, "T", "DIP", "+5V", "", "C", 62.992, 62.992, 41.338, 41.338, 270],
		[130, "H5_5", 6135, -580, "B", "DIP", "+5V", "", "C", 62.992, 62.992, 41.338, 41.338, 270],
		[131, "H5_6", 6135, -680, "T", "DIP", "+5V", "", "C", 62.992, 62.992, 41.338, 41.338, 270],
		[132, "H5_6", 6135, -680, "B", "DIP", "+5V", "", "C", 62.992, 62.992, 41.338, 41.338, 270],
		[133, "H5_7", 6135, -780, "T", "DIP", "+5V", "", "C", 62.992, 62.992, 41.338, 41.338, 270],
		[134, "H5_7", 6135, -780, "B", "DIP", "+5V", "", "C", 62.992, 62.992, 41.338, 41.338, 270],
		[135, "H5_8", 6135, -880, "T", "DIP", "+5V", "", "C", 62.992, 62.992, 41.338, 41.338, 270],
		[136, "H5_8", 6135, -880, "B", "DIP", "+5V", "", "C", 62.992, 62.992, 41.338, 41.338, 270],
		[137, "H5_9", 6135, -980, "T", "DIP", "+5V", "", "C", 62.992, 62.992, 41.338, 41.338, 270],
		[138, "H5_9", 6135, -980, "B", "DIP", "+5V", "", "C", 62.992, 62.992, 41.338, 41.338, 270],
		[139, "H5_10", 6135, -1080, "T", "DIP", "+5V", "", "C", 62.992, 62.992, 41.338, 41.338, 270],
		[140, "H5_10", 6135, -1080, "B", "DIP", "+5V", "", "C", 62.992, 62.992, 41.338, 41.338, 270],
		[141, "H5_11", 6135, -1180, "T", "DIP", "+5V", "", "C", 62.992, 62.992, 41.338, 41.338, 270],
		[142, "H5_11", 6135, -1180, "B", "DIP", "+5V", "", "C", 62.992, 62.992, 41.338, 41.338, 270],
		[143, "H5_12", 6135, -1280, "T", "DIP", "+5V", "", "C", 62.992, 62.992, 41.338, 41.338, 270],
		[144, "H5_12", 6135, -1280, "B", "DIP", "+5V", "", "C", 62.992, 62.992, 41.338, 41.338, 270],
		[145, "H5_13", 6135, -1380, "T", "DIP", "+5V", "", "C", 62.992, 62.992, 41.338, 41.338, 270],
		[146, "H5_13", 6135, -1380, "B", "DIP", "+5V", "", "C", 62.992, 62.992, 41.338, 41.338, 270],
		[147, "H5_14", 6135, -1480, "T", "DIP", "+5V", "", "C", 62.992, 62.992, 41.338, 41.338, 270],
		[148, "H5_14", 6135, -1480, "B", "DIP", "+5V", "", "C", 62.992, 62.992, 41.338, 41.338, 270],
		[149, "H5_15", 6135, -1580, "T", "DIP", "+5V", "", "C", 62.992, 62.992, 41.338, 41.338, 270],
		[150, "H5_15", 6135, -1580, "B", "DIP", "+5V", "", "C", 62.992, 62.992, 41.338, 41.338, 270],
		[151, "H6_1", 6245, -180, "T", "DIP", "GND", "GND", "R", 62.992, 62.992, 41.338, 41.338, 270],
		[152, "H6_1", 6245, -180, "B", "DIP", "GND", "GND", "R", 62.992, 62.992, 41.338, 41.338, 270],
		[153, "H6_2", 6245, -280, "T", "DIP", "GND", "GND", "C", 62.992, 62.992, 41.338, 41.338, 270],
		[154, "H6_2", 6245, -280, "B", "DIP", "GND", "GND", "C", 62.992, 62.992, 41.338, 41.338, 270],
		[155, "H6_3", 6245, -380, "T", "DIP", "GND", "GND", "C", 62.992, 62.992, 41.338, 41.338, 270],
		[156, "H6_3", 6245, -380, "B", "DIP", "GND", "GND", "C", 62.992, 62.992, 41.338, 41.338, 270],
		[157, "H6_4", 6245, -480, "T", "DIP", "GND", "GND", "C", 62.992, 62.992, 41.338, 41.338, 270],
		[158, "H6_4", 6245, -480, "B", "DIP", "GND", "GND", "C", 62.992, 62.992, 41.338, 41.338, 270],
		[159, "H6_5", 6245, -580, "T", "DIP", "GND", "GND", "C", 62.992, 62.992, 41.338, 41.338, 270],
		[160, "H6_5", 6245, -580, "B", "DIP", "GND", "GND", "C", 62.992, 62.992, 41.338, 41.338, 270],
		[161, "H6_6", 6245, -680, "T", "DIP", "GND", "GND", "C", 62.992, 62.992, 41.338, 41.338, 270],
		[162, "H6_6", 6245, -680, "B", "DIP", "GND", "GND", "C", 62.992, 62.992, 41.338, 41.338, 270],
		[163, "H6_7", 6245, -780, "T", "DIP", "GND", "GND", "C", 62.992, 62.992, 41.338, 41.338, 270],
		[164, "H6_7", 6245, -780, "B", "DIP", "GND", "GND", "C", 62.992, 62.992, 41.338, 41.338, 270],
		[165, "H6_8", 6245, -880, "T", "DIP", "GND", "GND", "C", 62.992, 62.992, 41.338, 41.338, 270],
		[166, "H6_8", 6245, -880, "B", "DIP", "GND", "GND", "C", 62.992, 62.992, 41.338, 41.338, 270],
		[167, "H6_9", 6245, -980, "T", "DIP", "GND", "GND", "C", 62.992, 62.992, 41.338, 41.338, 270],
		[168, "H6_9", 6245, -980, "B", "DIP", "GND", "GND", "C", 62.992, 62.992, 41.338, 41.338, 270],
		[169, "H6_10", 6245, -1080, "T", "DIP", "GND", "GND", "C", 62.992, 62.992, 41.338, 41.338, 270],
		[170, "H6_10", 6245, -1080, "B", "DIP", "GND", "GND", "C", 62.992, 62.992, 41.338, 41.338, 270],
		[171, "H6_11", 6245, -1180, "T", "DIP", "GND", "GND", "C", 62.992, 62.992, 41.338, 41.338, 270],
		[172, "H6_11", 6245, -1180, "B", "DIP", "GND", "GND", "C", 62.992, 62.992, 41.338, 41.338, 270],
		[173, "H6_12", 6245, -1280, "T", "DIP", "GND", "GND", "C", 62.992, 62.992, 41.338, 41.338, 270],
		[174, "H6_12", 6245, -1280, "B", "DIP", "GND", "GND", "C", 62.992, 62.992, 41.338, 41.338, 270],
		[175, "H6_13", 6245, -1380, "T", "DIP", "GND", "GND", "C", 62.992, 62.992, 41.338, 41.338, 270],
		[176, "H6_13", 6245, -1380, "B", "DIP", "GND", "GND", "C", 62.992, 62.992, 41.338, 41.338, 270],
		[177, "H6_14", 6245, -1480, "T", "DIP", "GND", "GND", "C", 62.992, 62.992, 41.338, 41.338, 270],
		[178, "H6_14", 6245, -1480, "B", "DIP", "GND", "GND", "C", 62.992, 62.992, 41.338, 41.338, 270],
		[179, "H6_15", 6245, -1580, "T", "DIP", "GND", "GND", "C", 62.992, 62.992, 41.338, 41.338, 270],
		[180, "H6_15", 6245, -1580, "B", "DIP", "GND", "GND", "C", 62.992, 62.992, 41.338, 41.338, 270],
		[181, "U1_1", 5190, -190, "T", "DIP", "$1N755", "", "R", 62.992, 62.992, 35.434, 35.434, 90],
		[182, "U1_1", 5190, -190, "B", "DIP", "$1N755", "", "R", 62.992, 62.992, 35.434, 35.434, 90],
		[183, "U1_2", 5190, -290, "T", "DIP", "$1N759", "", "C", 62.992, 62.992, 35.434, 35.434, 90],
		[184, "U1_2", 5190, -290, "B", "DIP", "$1N759", "", "C", 62.992, 62.992, 35.434, 35.434, 90],
		[185, "U1_3", 5190, -390, "T", "DIP", "$1N764", "", "C", 62.992, 62.992, 35.434, 35.434, 90],
		[186, "U1_3", 5190, -390, "B", "DIP", "$1N764", "", "C", 62.992, 62.992, 35.434, 35.434, 90],
		[187, "U1_4", 5190, -490, "T", "DIP", "$1N769", "", "C", 62.992, 62.992, 35.434, 35.434, 90],
		[188, "U1_4", 5190, -490, "B", "DIP", "$1N769", "", "C", 62.992, 62.992, 35.434, 35.434, 90],
		[189, "U1_5", 5190, -590, "T", "DIP", "$1N774", "", "C", 62.992, 62.992, 35.434, 35.434, 90],
		[190, "U1_5", 5190, -590, "B", "DIP", "$1N774", "", "C", 62.992, 62.992, 35.434, 35.434, 90],
		[191, "U1_6", 5190, -690, "T", "DIP", "$1N779", "", "C", 62.992, 62.992, 35.434, 35.434, 90],
		[192, "U1_6", 5190, -690, "B", "DIP", "$1N779", "", "C", 62.992, 62.992, 35.434, 35.434, 90],
		[193, "U1_7", 5190, -790, "T", "DIP", "$1N784", "", "C", 62.992, 62.992, 35.434, 35.434, 90],
		[194, "U1_7", 5190, -790, "B", "DIP", "$1N784", "", "C", 62.992, 62.992, 35.434, 35.434, 90],
		[195, "U1_8", 5190, -890, "T", "DIP", "$1N809", "", "C", 62.992, 62.992, 35.434, 35.434, 90],
		[196, "U1_8", 5190, -890, "B", "DIP", "$1N809", "", "C", 62.992, 62.992, 35.434, 35.434, 90],
		[197, "U1_9", 5190, -990, "T", "DIP", "$1N813", "", "C", 62.992, 62.992, 35.434, 35.434, 90],
		[198, "U1_9", 5190, -990, "B", "DIP", "$1N813", "", "C", 62.992, 62.992, 35.434, 35.434, 90],
		[199, "U1_10", 5190, -1090, "T", "DIP", "$1N818", "", "C", 62.992, 62.992, 35.434, 35.434, 90],
		[200, "U1_10", 5190, -1090, "B", "DIP", "$1N818", "", "C", 62.992, 62.992, 35.434, 35.434, 90],
		[201, "U1_11", 5190, -1190, "T", "DIP", "$1N843", "", "C", 62.992, 62.992, 35.434, 35.434, 90],
		[202, "U1_11", 5190, -1190, "B", "DIP", "$1N843", "", "C", 62.992, 62.992, 35.434, 35.434, 90],
		[203, "U1_12", 5190, -1290, "T", "DIP", "$1N838", "", "C", 62.992, 62.992, 35.434, 35.434, 90],
		[204, "U1_12", 5190, -1290, "B", "DIP", "$1N838", "", "C", 62.992, 62.992, 35.434, 35.434, 90],
		[205, "U1_13", 5190, -1390, "T", "DIP", "$1N833", "", "C", 62.992, 62.992, 35.434, 35.434, 90],
		[206, "U1_13", 5190, -1390, "B", "DIP", "$1N833", "", "C", 62.992, 62.992, 35.434, 35.434, 90],
		[207, "U1_14", 5190, -1490, "T", "DIP", "$1N828", "", "C", 62.992, 62.992, 35.434, 35.434, 90],
		[208, "U1_14", 5190, -1490, "B", "DIP", "$1N828", "", "C", 62.992, 62.992, 35.434, 35.434, 90],
		[209, "U1_15", 5190, -1590, "T", "DIP", "$1N823", "", "C", 62.992, 62.992, 35.434, 35.434, 90],
		[210, "U1_15", 5190, -1590, "B", "DIP", "$1N823", "", "C", 62.992, 62.992, 35.434, 35.434, 90],
		[211, "U1_16", 5790, -1590, "T", "DIP", "$1N983", "", "C", 62.992, 62.992, 35.434, 35.434, 90],
		[212, "U1_16", 5790, -1590, "B", "DIP", "$1N983", "", "C", 62.992, 62.992, 35.434, 35.434, 90],
		[213, "U1_17", 5790, -1490, "T", "DIP", "$1N988", "", "C", 62.992, 62.992, 35.434, 35.434, 90],
		[214, "U1_17", 5790, -1490, "B", "DIP", "$1N988", "", "C", 62.992, 62.992, 35.434, 35.434, 90],
		[215, "U1_18", 5790, -1390, "T", "DIP", "$1N993", "", "C", 62.992, 62.992, 35.434, 35.434, 90],
		[216, "U1_18", 5790, -1390, "B", "DIP", "$1N993", "", "C", 62.992, 62.992, 35.434, 35.434, 90],
		[217, "U1_19", 5790, -1290, "T", "DIP", "$1N998", "", "C", 62.992, 62.992, 35.434, 35.434, 90],
		[218, "U1_19", 5790, -1290, "B", "DIP", "$1N998", "", "C", 62.992, 62.992, 35.434, 35.434, 90],
		[219, "U1_20", 5790, -1190, "T", "DIP", "$1N1003", "", "C", 62.992, 62.992, 35.434, 35.434, 90],
		[220, "U1_20", 5790, -1190, "B", "DIP", "$1N1003", "", "C", 62.992, 62.992, 35.434, 35.434, 90],
		[221, "U1_21", 5790, -1090, "T", "DIP", "$1N1023", "", "C", 62.992, 62.992, 35.434, 35.434, 90],
		[222, "U1_21", 5790, -1090, "B", "DIP", "$1N1023", "", "C", 62.992, 62.992, 35.434, 35.434, 90],
		[223, "U1_22", 5790, -990, "T", "DIP", "$1N1018", "", "C", 62.992, 62.992, 35.434, 35.434, 90],
		[224, "U1_22", 5790, -990, "B", "DIP", "$1N1018", "", "C", 62.992, 62.992, 35.434, 35.434, 90],
		[225, "U1_23", 5790, -890, "T", "DIP", "$1N1013", "", "C", 62.992, 62.992, 35.434, 35.434, 90],
		[226, "U1_23", 5790, -890, "B", "DIP", "$1N1013", "", "C", 62.992, 62.992, 35.434, 35.434, 90],
		[227, "U1_24", 5790, -790, "T", "DIP", "$1N1008", "", "C", 62.992, 62.992, 35.434, 35.434, 90],
		[228, "U1_24", 5790, -790, "B", "DIP", "$1N1008", "", "C", 62.992, 62.992, 35.434, 35.434, 90],
		[229, "U1_25", 5790, -690, "T", "DIP", "$1N978", "", "C", 62.992, 62.992, 35.434, 35.434, 90],
		[230, "U1_25", 5790, -690, "B", "DIP", "$1N978", "", "C", 62.992, 62.992, 35.434, 35.434, 90],
		[231, "U1_26", 5790, -590, "T", "DIP", "$1N973", "", "C", 62.992, 62.992, 35.434, 35.434, 90],
		[232, "U1_26", 5790, -590, "B", "DIP", "$1N973", "", "C", 62.992, 62.992, 35.434, 35.434, 90],
		[233, "U1_27", 5790, -490, "T", "DIP", "+5V", "", "C", 62.992, 62.992, 35.434, 35.434, 90],
		[234, "U1_27", 5790, -490, "B", "DIP", "+5V", "", "C", 62.992, 62.992, 35.434, 35.434, 90],
		[235, "U1_28", 5790, -390, "T", "DIP", "$1N963", "", "C", 62.992, 62.992, 35.434, 35.434, 90],
		[236, "U1_28", 5790, -390, "B", "DIP", "$1N963", "", "C", 62.992, 62.992, 35.434, 35.434, 90],
		[237, "U1_29", 5790, -290, "T", "DIP", "GND", "GND", "C", 62.992, 62.992, 35.434, 35.434, 90],
		[238, "U1_29", 5790, -290, "B", "DIP", "GND", "GND", "C", 62.992, 62.992, 35.434, 35.434, 90],
		[239, "U1_30", 5790, -190, "T", "DIP", "$1N954", "", "R", 62.992, 62.992, 35.434, 35.434, 90],
		[240, "U1_30", 5790, -190, "B", "DIP", "$1N954", "", "R", 62.992, 62.992, 35.434, 35.434, 90],
		[241, "PAD1_1", 4690, -170, "T", "DIP", "GND", "GND", "R", 62.992, 62.992, 41.338, 41.338, 270],
		[242, "PAD1_1", 4690, -170, "B", "DIP", "GND", "GND", "R", 62.992, 62.992, 41.338, 41.338, 270],
		[243, "PAD2_2", 4690, -270, "T", "DIP", "GND", "GND", "C", 62.992, 62.992, 41.338, 41.338, 270],
		[244, "PAD2_2", 4690, -270, "B", "DIP", "GND", "GND", "C", 62.992, 62.992, 41.338, 41.338, 270],
		[245, "PAD3_3", 4690, -370, "T", "DIP", "GND", "GND", "C", 62.992, 62.992, 41.338, 41.338, 270],
		[246, "PAD3_3", 4690, -370, "B", "DIP", "GND", "GND", "C", 62.992, 62.992, 41.338, 41.338, 270],
		[247, "PAD4_4", 4690, -470, "T", "DIP", "GND", "GND", "C", 62.992, 62.992, 41.338, 41.338, 270],
		[248, "PAD4_4", 4690, -470, "B", "DIP", "GND", "GND", "C", 62.992, 62.992, 41.338, 41.338, 270],
		[249, "PAD5_5", 4690, -570, "T", "DIP", "GND", "GND", "C", 62.992, 62.992, 41.338, 41.338, 270],
		[250, "PAD5_5", 4690, -570, "B", "DIP", "GND", "GND", "C", 62.992, 62.992, 41.338, 41.338, 270],
		[251, "PAD6_6", 4690, -670, "T", "DIP", "GND", "GND", "C", 62.992, 62.992, 41.338, 41.338, 270],
		[252, "PAD6_6", 4690, -670, "B", "DIP", "GND", "GND", "C", 62.992, 62.992, 41.338, 41.338, 270],
		[253, "PAD7_7", 4690, -770, "T", "DIP", "GND", "GND", "C", 62.992, 62.992, 41.338, 41.338, 270],
		[254, "PAD7_7", 4690, -770, "B", "DIP", "GND", "GND", "C", 62.992, 62.992, 41.338, 41.338, 270],
		[255, "PAD8_8", 4690, -870, "T", "DIP", "GND", "GND", "C", 62.992, 62.992, 41.338, 41.338, 270],
		[256, "PAD8_8", 4690, -870, "B", "DIP", "GND", "GND", "C", 62.992, 62.992, 41.338, 41.338, 270],
		[257, "PAD9_9", 4690, -970, "T", "DIP", "GND", "GND", "C", 62.992, 62.992, 41.338, 41.338, 270],
		[258, "PAD9_9", 4690, -970, "B", "DIP", "GND", "GND", "C", 62.992, 62.992, 41.338, 41.338, 270],
		[259, "PAD10_10", 4690, -1070, "T", "DIP", "GND", "GND", "C", 62.992, 62.992, 41.338, 41.338, 270],
		[260, "PAD10_10", 4690, -1070, "B", "DIP", "GND", "GND", "C", 62.992, 62.992, 41.338, 41.338, 270],
		[261, "PAD11_11", 4690, -1170, "T", "DIP", "GND", "GND", "C", 62.992, 62.992, 41.338, 41.338, 270],
		[262, "PAD11_11", 4690, -1170, "B", "DIP", "GND", "GND", "C", 62.992, 62.992, 41.338, 41.338, 270],
		[263, "PAD12_12", 4690, -1270, "T", "DIP", "GND", "GND", "C", 62.992, 62.992, 41.338, 41.338, 270],
		[264, "PAD12_12", 4690, -1270, "B", "DIP", "GND", "GND", "C", 62.992, 62.992, 41.338, 41.338, 270],
		[265, "PAD13_13", 4690, -1370, "T", "DIP", "GND", "GND", "C", 62.992, 62.992, 41.338, 41.338, 270],
		[266, "PAD13_13", 4690, -1370, "B", "DIP", "GND", "GND", "C", 62.992, 62.992, 41.338, 41.338, 270],
		[267, "PAD14_14", 4690, -1470, "T", "DIP", "GND", "GND", "C", 62.992, 62.992, 41.338, 41.338, 270],
		[268, "PAD14_14", 4690, -1470, "B", "DIP", "GND", "GND", "C", 62.992, 62.992, 41.338, 41.338, 270],
		[269, "PAD15_15", 4690, -1570, "T", "DIP", "GND", "GND", "C", 62.992, 62.992, 41.338, 41.338, 270],
		[270, "PAD15_15", 4690, -1570, "B", "DIP", "GND", "GND", "C", 62.992, 62.992, 41.338, 41.338, 270],
		[271, "PAD16_1", 4800, -170, "T", "DIP", "+5V", "", "R", 62.992, 62.992, 41.338, 41.338, 270],
		[272, "PAD16_1", 4800, -170, "B", "DIP", "+5V", "", "R", 62.992, 62.992, 41.338, 41.338, 270],
		[273, "PAD17_2", 4800, -270, "T", "DIP", "+5V", "", "C", 62.992, 62.992, 41.338, 41.338, 270],
		[274, "PAD17_2", 4800, -270, "B", "DIP", "+5V", "", "C", 62.992, 62.992, 41.338, 41.338, 270],
		[275, "PAD18_3", 4800, -370, "T", "DIP", "+5V", "", "C", 62.992, 62.992, 41.338, 41.338, 270],
		[276, "PAD18_3", 4800, -370, "B", "DIP", "+5V", "", "C", 62.992, 62.992, 41.338, 41.338, 270],
		[277, "PAD19_4", 4800, -470, "T", "DIP", "+5V", "", "C", 62.992, 62.992, 41.338, 41.338, 270],
		[278, "PAD19_4", 4800, -470, "B", "DIP", "+5V", "", "C", 62.992, 62.992, 41.338, 41.338, 270],
		[279, "PAD20_5", 4800, -570, "T", "DIP", "+5V", "", "C", 62.992, 62.992, 41.338, 41.338, 270],
		[280, "PAD20_5", 4800, -570, "B", "DIP", "+5V", "", "C", 62.992, 62.992, 41.338, 41.338, 270],
		[281, "PAD21_6", 4800, -670, "T", "DIP", "+5V", "", "C", 62.992, 62.992, 41.338, 41.338, 270],
		[282, "PAD21_6", 4800, -670, "B", "DIP", "+5V", "", "C", 62.992, 62.992, 41.338, 41.338, 270],
		[283, "PAD22_7", 4800, -770, "T", "DIP", "+5V", "", "C", 62.992, 62.992, 41.338, 41.338, 270],
		[284, "PAD22_7", 4800, -770, "B", "DIP", "+5V", "", "C", 62.992, 62.992, 41.338, 41.338, 270],
		[285, "PAD23_8", 4800, -870, "T", "DIP", "+5V", "", "C", 62.992, 62.992, 41.338, 41.338, 270],
		[286, "PAD23_8", 4800, -870, "B", "DIP", "+5V", "", "C", 62.992, 62.992, 41.338, 41.338, 270],
		[287, "PAD24_9", 4800, -970, "T", "DIP", "+5V", "", "C", 62.992, 62.992, 41.338, 41.338, 270],
		[288, "PAD24_9", 4800, -970, "B", "DIP", "+5V", "", "C", 62.992, 62.992, 41.338, 41.338, 270],
		[289, "PAD25_10", 4800, -1070, "T", "DIP", "+5V", "", "C", 62.992, 62.992, 41.338, 41.338, 270],
		[290, "PAD25_10", 4800, -1070, "B", "DIP", "+5V", "", "C", 62.992, 62.992, 41.338, 41.338, 270],
		[291, "PAD26_11", 4800, -1170, "T", "DIP", "+5V", "", "C", 62.992, 62.992, 41.338, 41.338, 270],
		[292, "PAD26_11", 4800, -1170, "B", "DIP", "+5V", "", "C", 62.992, 62.992, 41.338, 41.338, 270],
		[293, "PAD27_12", 4800, -1270, "T", "DIP", "+5V", "", "C", 62.992, 62.992, 41.338, 41.338, 270],
		[294, "PAD27_12", 4800, -1270, "B", "DIP", "+5V", "", "C", 62.992, 62.992, 41.338, 41.338, 270],
		[295, "PAD28_13", 4800, -1370, "T", "DIP", "+5V", "", "C", 62.992, 62.992, 41.338, 41.338, 270],
		[296, "PAD28_13", 4800, -1370, "B", "DIP", "+5V", "", "C", 62.992, 62.992, 41.338, 41.338, 270],
		[297, "PAD29_14", 4800, -1470, "T", "DIP", "+5V", "", "C", 62.992, 62.992, 41.338, 41.338, 270],
		[298, "PAD29_14", 4800, -1470, "B", "DIP", "+5V", "", "C", 62.992, 62.992, 41.338, 41.338, 270],
		[299, "PAD30_15", 4800, -1570, "T", "DIP", "+5V", "", "C", 62.992, 62.992, 41.338, 41.338, 270],
		[300, "PAD30_15", 4800, -1570, "B", "DIP", "+5V", "", "C", 62.992, 62.992, 41.338, 41.338, 270],
		[301, "PAD31_1", 4910, -170, "T", "DIP", "$1N755", "", "R", 62.992, 62.992, 41.338, 41.338, 270],
		[302, "PAD31_1", 4910, -170, "B", "DIP", "$1N755", "", "R", 62.992, 62.992, 41.338, 41.338, 270],
		[303, "PAD32_2", 4910, -270, "T", "DIP", "$1N759", "", "C", 62.992, 62.992, 41.338, 41.338, 270],
		[304, "PAD32_2", 4910, -270, "B", "DIP", "$1N759", "", "C", 62.992, 62.992, 41.338, 41.338, 270],
		[305, "PAD33_3", 4910, -370, "T", "DIP", "$1N764", "", "C", 62.992, 62.992, 41.338, 41.338, 270],
		[306, "PAD33_3", 4910, -370, "B", "DIP", "$1N764", "", "C", 62.992, 62.992, 41.338, 41.338, 270],
		[307, "PAD34_4", 4910, -470, "T", "DIP", "$1N769", "", "C", 62.992, 62.992, 41.338, 41.338, 270],
		[308, "PAD34_4", 4910, -470, "B", "DIP", "$1N769", "", "C", 62.992, 62.992, 41.338, 41.338, 270],
		[309, "PAD35_5", 4910, -570, "T", "DIP", "$1N774", "", "C", 62.992, 62.992, 41.338, 41.338, 270],
		[310, "PAD35_5", 4910, -570, "B", "DIP", "$1N774", "", "C", 62.992, 62.992, 41.338, 41.338, 270],
		[311, "PAD36_6", 4910, -670, "T", "DIP", "$1N779", "", "C", 62.992, 62.992, 41.338, 41.338, 270],
		[312, "PAD36_6", 4910, -670, "B", "DIP", "$1N779", "", "C", 62.992, 62.992, 41.338, 41.338, 270],
		[313, "PAD37_7", 4910, -770, "T", "DIP", "$1N784", "", "C", 62.992, 62.992, 41.338, 41.338, 270],
		[314, "PAD37_7", 4910, -770, "B", "DIP", "$1N784", "", "C", 62.992, 62.992, 41.338, 41.338, 270],
		[315, "PAD38_8", 4910, -870, "T", "DIP", "$1N809", "", "C", 62.992, 62.992, 41.338, 41.338, 270],
		[316, "PAD38_8", 4910, -870, "B", "DIP", "$1N809", "", "C", 62.992, 62.992, 41.338, 41.338, 270],
		[317, "PAD39_9", 4910, -970, "T", "DIP", "$1N813", "", "C", 62.992, 62.992, 41.338, 41.338, 270],
		[318, "PAD39_9", 4910, -970, "B", "DIP", "$1N813", "", "C", 62.992, 62.992, 41.338, 41.338, 270],
		[319, "PAD40_10", 4910, -1070, "T", "DIP", "$1N818", "", "C", 62.992, 62.992, 41.338, 41.338, 270],
		[320, "PAD40_10", 4910, -1070, "B", "DIP", "$1N818", "", "C", 62.992, 62.992, 41.338, 41.338, 270],
		[321, "PAD41_11", 4910, -1170, "T", "DIP", "$1N843", "", "C", 62.992, 62.992, 41.338, 41.338, 270],
		[322, "PAD41_11", 4910, -1170, "B", "DIP", "$1N843", "", "C", 62.992, 62.992, 41.338, 41.338, 270],
		[323, "PAD42_12", 4910, -1270, "T", "DIP", "$1N838", "", "C", 62.992, 62.992, 41.338, 41.338, 270],
		[324, "PAD42_12", 4910, -1270, "B", "DIP", "$1N838", "", "C", 62.992, 62.992, 41.338, 41.338, 270],
		[325, "PAD43_13", 4910, -1370, "T", "DIP", "$1N833", "", "C", 62.992, 62.992, 41.338, 41.338, 270],
		[326, "PAD43_13", 4910, -1370, "B", "DIP", "$1N833", "", "C", 62.992, 62.992, 41.338, 41.338, 270],
		[327, "PAD44_14", 4910, -1470, "T", "DIP", "$1N828", "", "C", 62.992, 62.992, 41.338, 41.338, 270],
		[328, "PAD44_14", 4910, -1470, "B", "DIP", "$1N828", "", "C", 62.992, 62.992, 41.338, 41.338, 270],
		[329, "PAD45_15", 4910, -1570, "T", "DIP", "$1N823", "", "C", 62.992, 62.992, 41.338, 41.338, 270],
		[330, "PAD45_15", 4910, -1570, "B", "DIP", "$1N823", "", "C", 62.992, 62.992, 41.338, 41.338, 270],
		[331, "PAD46_1", 6025, -180, "T", "DIP", "$1N954", "", "R", 62.992, 62.992, 41.338, 41.338, 270],
		[332, "PAD46_1", 6025, -180, "B", "DIP", "$1N954", "", "R", 62.992, 62.992, 41.338, 41.338, 270],
		[333, "PAD47_2", 6025, -280, "T", "DIP", "GND", "GND", "C", 62.992, 62.992, 41.338, 41.338, 270],
		[334, "PAD47_2", 6025, -280, "B", "DIP", "GND", "GND", "C", 62.992, 62.992, 41.338, 41.338, 270],
		[335, "PAD48_3", 6025, -380, "T", "DIP", "$1N963", "", "C", 62.992, 62.992, 41.338, 41.338, 270],
		[336, "PAD48_3", 6025, -380, "B", "DIP", "$1N963", "", "C", 62.992, 62.992, 41.338, 41.338, 270],
		[337, "PAD49_4", 6025, -480, "T", "DIP", "+5V", "", "C", 62.992, 62.992, 41.338, 41.338, 270],
		[338, "PAD49_4", 6025, -480, "B", "DIP", "+5V", "", "C", 62.992, 62.992, 41.338, 41.338, 270],
		[339, "PAD50_5", 6025, -580, "T", "DIP", "$1N973", "", "C", 62.992, 62.992, 41.338, 41.338, 270],
		[340, "PAD50_5", 6025, -580, "B", "DIP", "$1N973", "", "C", 62.992, 62.992, 41.338, 41.338, 270],
		[341, "PAD51_6", 6025, -680, "T", "DIP", "$1N978", "", "C", 62.992, 62.992, 41.338, 41.338, 270],
		[342, "PAD51_6", 6025, -680, "B", "DIP", "$1N978", "", "C", 62.992, 62.992, 41.338, 41.338, 270],
		[343, "PAD52_7", 6025, -780, "T", "DIP", "$1N1008", "", "C", 62.992, 62.992, 41.338, 41.338, 270],
		[344, "PAD52_7", 6025, -780, "B", "DIP", "$1N1008", "", "C", 62.992, 62.992, 41.338, 41.338, 270],
		[345, "PAD53_8", 6025, -880, "T", "DIP", "$1N1013", "", "C", 62.992, 62.992, 41.338, 41.338, 270],
		[346, "PAD53_8", 6025, -880, "B", "DIP", "$1N1013", "", "C", 62.992, 62.992, 41.338, 41.338, 270],
		[347, "PAD54_9", 6025, -980, "T", "DIP", "$1N1018", "", "C", 62.992, 62.992, 41.338, 41.338, 270],
		[348, "PAD54_9", 6025, -980, "B", "DIP", "$1N1018", "", "C", 62.992, 62.992, 41.338, 41.338, 270],
		[349, "PAD55_10", 6025, -1080, "T", "DIP", "$1N1023", "", "C", 62.992, 62.992, 41.338, 41.338, 270],
		[350, "PAD55_10", 6025, -1080, "B", "DIP", "$1N1023", "", "C", 62.992, 62.992, 41.338, 41.338, 270],
		[351, "PAD56_11", 6025, -1180, "T", "DIP", "$1N1003", "", "C", 62.992, 62.992, 41.338, 41.338, 270],
		[352, "PAD56_11", 6025, -1180, "B", "DIP", "$1N1003", "", "C", 62.992, 62.992, 41.338, 41.338, 270],
		[353, "PAD57_12", 6025, -1280, "T", "DIP", "$1N998", "", "C", 62.992, 62.992, 41.338, 41.338, 270],
		[354, "PAD57_12", 6025, -1280, "B", "DIP", "$1N998", "", "C", 62.992, 62.992, 41.338, 41.338, 270],
		[355, "PAD58_13", 6025, -1380, "T", "DIP", "$1N993", "", "C", 62.992, 62.992, 41.338, 41.338, 270],
		[356, "PAD58_13", 6025, -1380, "B", "DIP", "$1N993", "", "C", 62.992, 62.992, 41.338, 41.338, 270],
		[357, "PAD59_14", 6025, -1480, "T", "DIP", "$1N988", "", "C", 62.992, 62.992, 41.338, 41.338, 270],
		[358, "PAD59_14", 6025, -1480, "B", "DIP", "$1N988", "", "C", 62.992, 62.992, 41.338, 41.338, 270],
		[359, "PAD60_15", 6025, -1580, "T", "DIP", "$1N983", "", "C", 62.992, 62.992, 41.338, 41.338, 270],
		[360, "PAD60_15", 6025, -1580, "B", "DIP", "$1N983", "", "C", 62.992, 62.992, 41.338, 41.338, 270],
		[361, "PAD61_1", 6135, -180, "T", "DIP", "+5V", "", "R", 62.992, 62.992, 41.338, 41.338, 270],
		[362, "PAD61_1", 6135, -180, "B", "DIP", "+5V", "", "R", 62.992, 62.992, 41.338, 41.338, 270],
		[363, "PAD62_2", 6135, -280, "T", "DIP", "+5V", "", "C", 62.992, 62.992, 41.338, 41.338, 270],
		[364, "PAD62_2", 6135, -280, "B", "DIP", "+5V", "", "C", 62.992, 62.992, 41.338, 41.338, 270],
		[365, "PAD63_3", 6135, -380, "T", "DIP", "+5V", "", "C", 62.992, 62.992, 41.338, 41.338, 270],
		[366, "PAD63_3", 6135, -380, "B", "DIP", "+5V", "", "C", 62.992, 62.992, 41.338, 41.338, 270],
		[367, "PAD64_4", 6135, -480, "T", "DIP", "+5V", "", "C", 62.992, 62.992, 41.338, 41.338, 270],
		[368, "PAD64_4", 6135, -480, "B", "DIP", "+5V", "", "C", 62.992, 62.992, 41.338, 41.338, 270],
		[369, "PAD65_5", 6135, -580, "T", "DIP", "+5V", "", "C", 62.992, 62.992, 41.338, 41.338, 270],
		[370, "PAD65_5", 6135, -580, "B", "DIP", "+5V", "", "C", 62.992, 62.992, 41.338, 41.338, 270],
		[371, "PAD66_6", 6135, -680, "T", "DIP", "+5V", "", "C", 62.992, 62.992, 41.338, 41.338, 270],
		[372, "PAD66_6", 6135, -680, "B", "DIP", "+5V", "", "C", 62.992, 62.992, 41.338, 41.338, 270],
		[373, "PAD67_7", 6135, -780, "T", "DIP", "+5V", "", "C", 62.992, 62.992, 41.338, 41.338, 270],
		[374, "PAD67_7", 6135, -780, "B", "DIP", "+5V", "", "C", 62.992, 62.992, 41.338, 41.338, 270],
		[375, "PAD68_8", 6135, -880, "T", "DIP", "+5V", "", "C", 62.992, 62.992, 41.338, 41.338, 270],
		[376, "PAD68_8", 6135, -880, "B", "DIP", "+5V", "", "C", 62.992, 62.992, 41.338, 41.338, 270],
		[377, "PAD69_9", 6135, -980, "T", "DIP", "+5V", "", "C", 62.992, 62.992, 41.338, 41.338, 270],
		[378, "PAD69_9", 6135, -980, "B", "DIP", "+5V", "", "C", 62.992, 62.992, 41.338, 41.338, 270],
		[379, "PAD70_10", 6135, -1080, "T", "DIP", "+5V", "", "C", 62.992, 62.992, 41.338, 41.338, 270],
		[380, "PAD70_10", 6135, -1080, "B", "DIP", "+5V", "", "C", 62.992, 62.992, 41.338, 41.338, 270],
		[381, "PAD71_11", 6135, -1180, "T", "DIP", "+5V", "", "C", 62.992, 62.992, 41.338, 41.338, 270],
		[382, "PAD71_11", 6135, -1180, "B", "DIP", "+5V", "", "C", 62.992, 62.992, 41.338, 41.338, 270],
		[383, "PAD72_12", 6135, -1280, "T", "DIP", "+5V", "", "C", 62.992, 62.992, 41.338, 41.338, 270],
		[384, "PAD72_12", 6135, -1280, "B", "DIP", "+5V", "", "C", 62.992, 62.992, 41.338, 41.338, 270],
		[385, "PAD73_13", 6135, -1380, "T", "DIP", "+5V", "", "C", 62.992, 62.992, 41.338, 41.338, 270],
		[386, "PAD73_13", 6135, -1380, "B", "DIP", "+5V", "", "C", 62.992, 62.992, 41.338, 41.338, 270],
		[387, "PAD74_14", 6135, -1480, "T", "DIP", "+5V", "", "C", 62.992, 62.992, 41.338, 41.338, 270],
		[388, "PAD74_14", 6135, -1480, "B", "DIP", "+5V", "", "C", 62.992, 62.992, 41.338, 41.338, 270],
		[389, "PAD75_15", 6135, -1580, "T", "DIP", "+5V", "", "C", 62.992, 62.992, 41.338, 41.338, 270],
		[390, "PAD75_15", 6135, -1580, "B", "DIP", "+5V", "", "C", 62.992, 62.992, 41.338, 41.338, 270],
		[391, "PAD76_1", 6245, -180, "T", "DIP", "GND", "GND", "R", 62.992, 62.992, 41.338, 41.338, 270],
		[392, "PAD76_1", 6245, -180, "B", "DIP", "GND", "GND", "R", 62.992, 62.992, 41.338, 41.338, 270],
		[393, "PAD77_2", 6245, -280, "T", "DIP", "GND", "GND", "C", 62.992, 62.992, 41.338, 41.338, 270],
		[394, "PAD77_2", 6245, -280, "B", "DIP", "GND", "GND", "C", 62.992, 62.992, 41.338, 41.338, 270],
		[395, "PAD78_3", 6245, -380, "T", "DIP", "GND", "GND", "C", 62.992, 62.992, 41.338, 41.338, 270],
		[396, "PAD78_3", 6245, -380, "B", "DIP", "GND", "GND", "C", 62.992, 62.992, 41.338, 41.338, 270],
		[397, "PAD79_4", 6245, -480, "T", "DIP", "GND", "GND", "C", 62.992, 62.992, 41.338, 41.338, 270],
		[398, "PAD79_4", 6245, -480, "B", "DIP", "GND", "GND", "C", 62.992, 62.992, 41.338, 41.338, 270],
		[399, "PAD80_5", 6245, -580, "T", "DIP", "GND", "GND", "C", 62.992, 62.992, 41.338, 41.338, 270],
		[400, "PAD80_5", 6245, -580, "B", "DIP", "GND", "GND", "C", 62.992, 62.992, 41.338, 41.338, 270],
		[401, "PAD81_6", 6245, -680, "T", "DIP", "GND", "GND", "C", 62.992, 62.992, 41.338, 41.338, 270],
		[402, "PAD81_6", 6245, -680, "B", "DIP", "GND", "GND", "C", 62.992, 62.992, 41.338, 41.338, 270],
		[403, "PAD82_7", 6245, -780, "T", "DIP", "GND", "GND", "C", 62.992, 62.992, 41.338, 41.338, 270],
		[404, "PAD82_7", 6245, -780, "B", "DIP", "GND", "GND", "C", 62.992, 62.992, 41.338, 41.338, 270],
		[405, "PAD83_8", 6245, -880, "T", "DIP", "GND", "GND", "C", 62.992, 62.992, 41.338, 41.338, 270],
		[406, "PAD83_8", 6245, -880, "B", "DIP", "GND", "GND", "C", 62.992, 62.992, 41.338, 41.338, 270],
		[407, "PAD84_9", 6245, -980, "T", "DIP", "GND", "GND", "C", 62.992, 62.992, 41.338, 41.338, 270],
		[408, "PAD84_9", 6245, -980, "B", "DIP", "GND", "GND", "C", 62.992, 62.992, 41.338, 41.338, 270],
		[409, "PAD85_10", 6245, -1080, "T", "DIP", "GND", "GND", "C", 62.992, 62.992, 41.338, 41.338, 270],
		[410, "PAD85_10", 6245, -1080, "B", "DIP", "GND", "GND", "C", 62.992, 62.992, 41.338, 41.338, 270],
		[411, "PAD86_11", 6245, -1180, "T", "DIP", "GND", "GND", "C", 62.992, 62.992, 41.338, 41.338, 270],
		[412, "PAD86_11", 6245, -1180, "B", "DIP", "GND", "GND", "C", 62.992, 62.992, 41.338, 41.338, 270],
		[413, "PAD87_12", 6245, -1280, "T", "DIP", "GND", "GND", "C", 62.992, 62.992, 41.338, 41.338, 270],
		[414, "PAD87_12", 6245, -1280, "B", "DIP", "GND", "GND", "C", 62.992, 62.992, 41.338, 41.338, 270],
		[415, "PAD88_13", 6245, -1380, "T", "DIP", "GND", "GND", "C", 62.992, 62.992, 41.338, 41.338, 270],
		[416, "PAD88_13", 6245, -1380, "B", "DIP", "GND", "GND", "C", 62.992, 62.992, 41.338, 41.338, 270],
		[417, "PAD89_14", 6245, -1480, "T", "DIP", "GND", "GND", "C", 62.992, 62.992, 41.338, 41.338, 270],
		[418, "PAD89_14", 6245, -1480, "B", "DIP", "GND", "GND", "C", 62.992, 62.992, 41.338, 41.338, 270],
		[419, "PAD90_15", 6245, -1580, "T", "DIP", "GND", "GND", "C", 62.992, 62.992, 41.338, 41.338, 270],
		[420, "PAD90_15", 6245, -1580, "B", "DIP", "GND", "GND", "C", 62.992, 62.992, 41.338, 41.338, 270],
		[421, "PAD91_1", 5190, -190, "T", "DIP", "$1N755", "", "R", 62.992, 62.992, 35.434, 35.434, 90],
		[422, "PAD91_1", 5190, -190, "B", "DIP", "$1N755", "", "R", 62.992, 62.992, 35.434, 35.434, 90],
		[423, "PAD92_29", 5790, -290, "T", "DIP", "GND", "GND", "C", 62.992, 62.992, 35.434, 35.434, 90],
		[424, "PAD92_29", 5790, -290, "B", "DIP", "GND", "GND", "C", 62.992, 62.992, 35.434, 35.434, 90],
		[425, "PAD93_27", 5790, -490, "T", "DIP", "+5V", "", "C", 62.992, 62.992, 35.434, 35.434, 90],
		[426, "PAD93_27", 5790, -490, "B", "DIP", "+5V", "", "C", 62.992, 62.992, 35.434, 35.434, 90],
		[427, "PAD94_25", 5790, -690, "T", "DIP", "$1N978", "", "C", 62.992, 62.992, 35.434, 35.434, 90],
		[428, "PAD94_25", 5790, -690, "B", "DIP", "$1N978", "", "C", 62.992, 62.992, 35.434, 35.434, 90],
		[429, "PAD95_23", 5790, -890, "T", "DIP", "$1N1013", "", "C", 62.992, 62.992, 35.434, 35.434, 90],
		[430, "PAD95_23", 5790, -890, "B", "DIP", "$1N1013", "", "C", 62.992, 62.992, 35.434, 35.434, 90],
		[431, "PAD96_21", 5790, -1090, "T", "DIP", "$1N1023", "", "C", 62.992, 62.992, 35.434, 35.434, 90],
		[432, "PAD96_21", 5790, -1090, "B", "DIP", "$1N1023", "", "C", 62.992, 62.992, 35.434, 35.434, 90],
		[433, "PAD97_19", 5790, -1290, "T", "DIP", "$1N998", "", "C", 62.992, 62.992, 35.434, 35.434, 90],
		[434, "PAD97_19", 5790, -1290, "B", "DIP", "$1N998", "", "C", 62.992, 62.992, 35.434, 35.434, 90],
		[435, "PAD98_17", 5790, -1490, "T", "DIP", "$1N988", "", "C", 62.992, 62.992, 35.434, 35.434, 90],
		[436, "PAD98_17", 5790, -1490, "B", "DIP", "$1N988", "", "C", 62.992, 62.992, 35.434, 35.434, 90],
		[437, "PAD99_15", 5190, -1590, "T", "DIP", "$1N823", "", "C", 62.992, 62.992, 35.434, 35.434, 90],
		[438, "PAD99_15", 5190, -1590, "B", "DIP", "$1N823", "", "C", 62.992, 62.992, 35.434, 35.434, 90],
		[439, "PAD100_13", 5190, -1390, "T", "DIP", "$1N833", "", "C", 62.992, 62.992, 35.434, 35.434, 90],
		[440, "PAD100_13", 5190, -1390, "B", "DIP", "$1N833", "", "C", 62.992, 62.992, 35.434, 35.434, 90],
		[441, "PAD101_11", 5190, -1190, "T", "DIP", "$1N843", "", "C", 62.992, 62.992, 35.434, 35.434, 90],
		[442, "PAD101_11", 5190, -1190, "B", "DIP", "$1N843", "", "C", 62.992, 62.992, 35.434, 35.434, 90],
		[443, "PAD102_9", 5190, -990, "T", "DIP", "$1N813", "", "C", 62.992, 62.992, 35.434, 35.434, 90],
		[444, "PAD102_9", 5190, -990, "B", "DIP", "$1N813", "", "C", 62.992, 62.992, 35.434, 35.434, 90],
		[445, "PAD103_7", 5190, -790, "T", "DIP", "$1N784", "", "C", 62.992, 62.992, 35.434, 35.434, 90],
		[446, "PAD103_7", 5190, -790, "B", "DIP", "$1N784", "", "C", 62.992, 62.992, 35.434, 35.434, 90],
		[447, "PAD104_5", 5190, -590, "T", "DIP", "$1N774", "", "C", 62.992, 62.992, 35.434, 35.434, 90],
		[448, "PAD104_5", 5190, -590, "B", "DIP", "$1N774", "", "C", 62.992, 62.992, 35.434, 35.434, 90],
		[449, "PAD105_3", 5190, -390, "T", "DIP", "$1N764", "", "C", 62.992, 62.992, 35.434, 35.434, 90],
		[450, "PAD105_3", 5190, -390, "B", "DIP", "$1N764", "", "C", 62.992, 62.992, 35.434, 35.434, 90],
		[451, "PAD106_2", 5190, -290, "T", "DIP", "$1N759", "", "C", 62.992, 62.992, 35.434, 35.434, 90],
		[452, "PAD106_2", 5190, -290, "B", "DIP", "$1N759", "", "C", 62.992, 62.992, 35.434, 35.434, 90],
		[453, "PAD107_4", 5190, -490, "T", "DIP", "$1N769", "", "C", 62.992, 62.992, 35.434, 35.434, 90],
		[454, "PAD107_4", 5190, -490, "B", "DIP", "$1N769", "", "C", 62.992, 62.992, 35.434, 35.434, 90],
		[455, "PAD108_6", 5190, -690, "T", "DIP", "$1N779", "", "C", 62.992, 62.992, 35.434, 35.434, 90],
		[456, "PAD108_6", 5190, -690, "B", "DIP", "$1N779", "", "C", 62.992, 62.992, 35.434, 35.434, 90],
		[457, "PAD109_8", 5190, -890, "T", "DIP", "$1N809", "", "C", 62.992, 62.992, 35.434, 35.434, 90],
		[458, "PAD109_8", 5190, -890, "B", "DIP", "$1N809", "", "C", 62.992, 62.992, 35.434, 35.434, 90],
		[459, "PAD110_10", 5190, -1090, "T", "DIP", "$1N818", "", "C", 62.992, 62.992, 35.434, 35.434, 90],
		[460, "PAD110_10", 5190, -1090, "B", "DIP", "$1N818", "", "C", 62.992, 62.992, 35.434, 35.434, 90],
		[461, "PAD111_12", 5190, -1290, "T", "DIP", "$1N838", "", "C", 62.992, 62.992, 35.434, 35.434, 90],
		[462, "PAD111_12", 5190, -1290, "B", "DIP", "$1N838", "", "C", 62.992, 62.992, 35.434, 35.434, 90],
		[463, "PAD112_14", 5190, -1490, "T", "DIP", "$1N828", "", "C", 62.992, 62.992, 35.434, 35.434, 90],
		[464, "PAD112_14", 5190, -1490, "B", "DIP", "$1N828", "", "C", 62.992, 62.992, 35.434, 35.434, 90],
		[465, "PAD113_16", 5790, -1590, "T", "DIP", "$1N983", "", "C", 62.992, 62.992, 35.434, 35.434, 90],
		[466, "PAD113_16", 5790, -1590, "B", "DIP", "$1N983", "", "C", 62.992, 62.992, 35.434, 35.434, 90],
		[467, "PAD114_18", 5790, -1390, "T", "DIP", "$1N993", "", "C", 62.992, 62.992, 35.434, 35.434, 90],
		[468, "PAD114_18", 5790, -1390, "B", "DIP", "$1N993", "", "C", 62.992, 62.992, 35.434, 35.434, 90],
		[469, "PAD115_20", 5790, -1190, "T", "DIP", "$1N1003", "", "C", 62.992, 62.992, 35.434, 35.434, 90],
		[470, "PAD115_20", 5790, -1190, "B", "DIP", "$1N1003", "", "C", 62.992, 62.992, 35.434, 35.434, 90],
		[471, "PAD116_22", 5790, -990, "T", "DIP", "$1N1018", "", "C", 62.992, 62.992, 35.434, 35.434, 90],
		[472, "PAD116_22", 5790, -990, "B", "DIP", "$1N1018", "", "C", 62.992, 62.992, 35.434, 35.434, 90],
		[473, "PAD117_24", 5790, -790, "T", "DIP", "$1N1008", "", "C", 62.992, 62.992, 35.434, 35.434, 90],
		[474, "PAD117_24", 5790, -790, "B", "DIP", "$1N1008", "", "C", 62.992, 62.992, 35.434, 35.434, 90],
		[475, "PAD118_26", 5790, -590, "T", "DIP", "$1N973", "", "C", 62.992, 62.992, 35.434, 35.434, 90],
		[476, "PAD118_26", 5790, -590, "B", "DIP", "$1N973", "", "C", 62.992, 62.992, 35.434, 35.434, 90],
		[477, "PAD119_28", 5790, -390, "T", "DIP", "$1N963", "", "C", 62.992, 62.992, 35.434, 35.434, 90],
		[478, "PAD119_28", 5790, -390, "B", "DIP", "$1N963", "", "C", 62.992, 62.992, 35.434, 35.434, 90],
		[479, "PAD120_30", 5790, -190, "T", "DIP", "$1N954", "", "R", 62.992, 62.992, 35.434, 35.434, 90],
		[480, "PAD120_30", 5790, -190, "B", "DIP", "$1N954", "", "R", 62.992, 62.992, 35.434, 35.434, 90]
	]
}
}